CustomerID,recency_days,purchase_count,total_spent,avg_order_value,churn
12346.0,325,1,77183.6,77183.6,1
12347.0,1,7,4310.0,615.7142857142857,0
12348.0,74,4,1797.24,449.31,0
12349.0,18,1,1757.55,1757.55,0
12350.0,309,1,334.40000000000003,334.40000000000003,1
12352.0,35,8,2506.04,313.255,0
12353.0,203,1,89.0,89.0,1
12354.0,231,1,1079.4,1079.4,1
12355.0,213,1,459.4,459.4,1
12356.0,22,3,2811.43,937.1433333333332,0
12357.0,32,1,6207.67,6207.67,0
12358.0,1,2,1168.06,584.03,0
12359.0,57,4,6372.58,1593.145,0
12360.0,51,3,2662.06,887.3533333333334,0
12361.0,286,1,189.9,189.9,1
12362.0,2,10,5226.2300000000005,522.623,0
12363.0,109,2,552.0,276.0,1
12364.0,7,4,1313.1,328.275,0
12365.0,290,2,641.38,320.69,1
12367.0,3,1,168.9,168.9,0
12370.0,50,4,3545.69,886.4225,0
12371.0,44,2,1887.96,943.98,0
12372.0,71,3,1298.04,432.68,0
12373.0,310,1,364.6,364.6,1
12374.0,24,1,742.9300000000001,742.9300000000001,0
12375.0,10,2,457.5,228.75,0
12377.0,314,2,1628.12,814.0600000000001,1
12378.0,129,1,4008.62,4008.62,1
12379.0,81,2,852.24,426.12,0
12380.0,21,4,2724.81,681.2025,0
12381.0,4,5,1845.31,369.062,0
12383.0,184,5,1850.56,370.112,1
12384.0,28,2,585.27,292.635,0
12386.0,337,2,401.9,200.95,1
12388.0,15,6,2780.6600000000003,463.4433333333334,0
12390.0,79,1,549.84,549.84,0
12391.0,21,1,460.89,460.89,0
12393.0,71,4,1582.6,395.65,0
12394.0,63,2,1272.48,636.24,0
12395.0,18,12,3018.63,251.5525,0
12397.0,35,2,2409.9,1204.95,0
12398.0,45,1,1635.66,1635.66,0
12399.0,118,4,1108.65,277.1625,1
12401.0,302,1,84.3,84.3,1
12402.0,322,1,225.6,225.6,1
12403.0,49,1,427.7,427.7,0
12405.0,148,1,1710.39,1710.39,1
12406.0,21,2,3415.3,1707.65,0
12407.0,49,5,1708.12,341.624,0
12408.0,32,5,2888.55,577.71,0
12409.0,78,3,11072.67,3690.89,0
12410.0,308,2,693.33,346.665,1
12412.0,74,3,1226.88,408.96,0
12413.0,66,3,758.1,252.7,0
12414.0,216,3,562.4100000000001,187.47000000000003,1
12415.0,23,21,124914.53,5948.310952380953,0
12417.0,2,9,3649.1,405.4555555555555,0
12418.0,112,1,668.58,668.58,1
12420.0,63,1,600.39,600.39,0
12421.0,15,4,807.04,201.76,0
12422.0,95,3,803.5600000000001,267.8533333333333,1
12423.0,0,8,1859.31,232.41375,0
12424.0,162,2,1760.96,880.48,1
12425.0,77,1,777.2,777.2,0
12426.0,194,1,582.73,582.73,1
12427.0,21,3,825.8000000000001,275.2666666666667,0
12428.0,25,9,7956.46,884.0511111111111,0
12429.0,8,4,3750.4,937.6,0
12430.0,42,1,256.4,256.4,0
12431.0,35,15,6487.45,432.4966666666666,0
12432.0,42,5,5059.32,1011.864,0
12433.0,0,7,13375.87,1910.838571428572,0
12434.0,84,2,806.14,403.07,0
12435.0,79,2,7829.89,3914.945,0
12436.0,99,1,509.01,509.01,1
12437.0,1,18,4951.41,275.0783333333333,0
12438.0,13,2,2906.85,1453.425,0
12441.0,366,1,173.55,173.55,1
12442.0,2,1,172.06,172.06,0
12444.0,20,5,5005.46,1001.092,0
12445.0,21,1,133.4,133.4,0
12446.0,57,1,1002.31,1002.31,0
12447.0,242,1,476.49,476.49,1
12448.0,43,1,449.45,449.45,0
12449.0,21,4,4067.29,1016.8225,0
12450.0,155,2,197.88,98.94,1
12451.0,10,5,9035.52,1807.104,0
12452.0,16,2,430.5700000000001,215.28500000000005,0
12453.0,133,1,707.09,707.09,1
12454.0,55,1,3528.34,3528.34,0
12455.0,72,6,2466.86,411.1433333333334,0
12456.0,43,3,3181.04,1060.3466666666666,0
12457.0,65,7,2363.23,337.6042857142857,0
12458.0,70,2,947.4,473.7,0
12461.0,93,2,826.88,413.44,1
12462.0,18,2,1189.59,594.795,0
12463.0,52,4,1344.78,336.195,0
12464.0,9,8,1212.05,151.50625,0
12465.0,16,2,742.19,371.095,0
12468.0,187,2,729.54,364.77,1
12471.0,1,30,19824.05,660.8016666666666,0
12472.0,31,7,6572.11,938.8728571428572,0
12473.0,28,5,3938.55,787.71,0
12474.0,16,18,7375.79,409.7661111111111,0
12475.0,53,1,723.38,723.38,0
12476.0,15,11,6816.42,619.6745454545454,0
12477.0,22,6,13219.74,2203.29,0
12478.0,3,1,680.99,680.99,0
12479.0,10,1,527.2,527.2,0
12480.0,27,4,3281.63,820.4075,0
12481.0,22,10,5596.32,559.632,0
12483.0,16,8,2484.98,310.6225,0
12484.0,32,6,4541.72,756.9533333333334,0
12488.0,9,3,1298.66,432.8866666666667,0
12489.0,335,1,334.93,334.93,1
12490.0,4,10,5417.93,541.793,0
12491.0,38,1,460.4,460.4,0
12492.0,62,2,263.21000000000004,131.60500000000002,0
12493.0,165,2,433.74,216.87,1
12494.0,15,7,1246.1,178.0142857142857,0
12497.0,81,1,1043.1,1043.1,0
12498.0,20,3,403.7000000000001,134.5666666666667,0
12500.0,22,11,4257.82,387.07454545454544,0
12501.0,336,1,2169.39,2169.39,1
12502.0,95,5,3723.87,744.774,1
12504.0,17,2,482.05,241.025,0
12506.0,232,1,73.5,73.5,1
12507.0,133,3,1304.81,434.93666666666667,1
12508.0,25,2,398.27,199.135,0
12509.0,283,1,176.5,176.5,1
12510.0,142,2,982.57,491.285,1
12512.0,65,2,138.03,69.015,0
12513.0,112,1,612.29,612.29,1
12514.0,266,1,1017.68,1017.68,1
12515.0,352,1,383.7,383.7,1
12516.0,77,2,1312.06,656.03,0
12517.0,27,5,2502.84,500.568,0
12518.0,0,5,2056.89,411.378,0
12519.0,63,1,340.84000000000003,340.84000000000003,0
12520.0,78,5,2634.26,526.8520000000001,0
12521.0,142,1,599.68,599.68,1
12522.0,38,2,192.72,96.36,0
12523.0,18,11,1789.77,162.70636363636365,0
12524.0,8,8,4485.72,560.715,0
12526.0,0,3,1316.66,438.8866666666667,0
12527.0,81,3,348.71000000000004,116.23666666666668,0
12528.0,8,6,1933.48,322.24666666666667,0
12530.0,59,4,1662.28,415.57,0
12531.0,14,1,125.22,125.22,0
12532.0,29,1,349.83000000000004,349.83000000000004,0
12534.0,130,1,1089.18,1089.18,1
12535.0,91,2,716.35,358.175,1
12536.0,42,3,12601.830000000002,4200.610000000001,0
12538.0,28,1,363.95,363.95,0
12539.0,21,4,5568.35,1392.0875,0
12540.0,19,17,13400.24,788.2494117647059,0
12541.0,29,3,981.18,327.06,0
12544.0,35,1,372.7,372.7,0
12545.0,74,2,1000.39,500.195,0
12546.0,46,2,1161.5,580.75,0
12547.0,197,2,207.8,103.9,1
12548.0,165,1,95.2,95.2,1
12550.0,78,1,964.83,964.83,0
12551.0,357,1,168.0,168.0,1
12552.0,38,2,437.82,218.91,0
12553.0,7,10,3692.28,369.228,0
12556.0,49,2,603.71,301.855,0
12557.0,15,5,11990.96,2398.192,0
12558.0,7,1,269.96,269.96,0
12559.0,310,2,561.71,280.855,1
12560.0,4,3,2134.01,711.3366666666667,0
12561.0,302,1,238.85,238.85,1
12562.0,7,7,3781.74,540.2485714285715,0
12564.0,260,1,456.9,456.9,1
12565.0,288,1,145.92000000000002,145.92000000000002,1
12566.0,85,1,351.65,351.65,0
12567.0,22,10,9401.28,940.128,0
12569.0,1,32,4124.6900000000005,128.89656250000002,0
12571.0,39,2,519.61,259.805,0
12572.0,8,2,1020.42,510.21,0
12573.0,226,1,160.54000000000002,160.54000000000002,1
12574.0,315,1,218.45,218.45,1
12576.0,35,5,1315.83,263.166,0
12577.0,34,3,657.8,219.26666666666665,0
12578.0,20,2,2794.51,1397.255,0
12579.0,77,1,440.42,440.42,0
12580.0,246,1,415.7,415.7,1
12581.0,39,1,197.71,197.71,0
12582.0,238,2,511.36,255.68,1
12583.0,2,15,7281.38,485.42533333333336,0
12584.0,3,9,2338.15,259.7944444444445,0
12585.0,233,2,2040.1,1020.05,1
12586.0,16,1,196.94000000000003,196.94000000000003,0
12587.0,7,1,144.0,144.0,0
12588.0,38,1,214.9,214.9,0
12589.0,28,2,646.68,323.34,0
12590.0,210,2,9864.26,4932.13,1
12591.0,316,1,452.85,452.85,1
12592.0,91,2,437.6,218.8,1
12593.0,108,3,418.1,139.36666666666667,1
12594.0,37,10,3338.2200000000003,333.822,0
12596.0,50,2,618.27,309.135,0
12597.0,18,4,3811.22,952.805,0
12598.0,9,8,3023.08,377.885,0
12599.0,28,7,1032.58,147.51142857142855,0
12600.0,28,10,2599.04,259.904,0
12601.0,189,5,577.0600000000001,115.412,1
12602.0,58,1,153.12,153.12,0
12603.0,21,1,739.1999999999999,739.1999999999999,0
12604.0,78,2,254.18,127.09,0
12607.0,59,1,1579.51,1579.51,0
12609.0,77,3,1126.85,375.6166666666666,0
12610.0,22,5,2099.54,419.908,0
12611.0,51,1,1193.32,1193.32,0
12612.0,73,1,704.04,704.04,0
12613.0,56,5,3344.38,668.876,0
12614.0,277,1,315.6,315.6,1
12615.0,1,4,2291.19,572.7975,0
12616.0,94,2,713.3,356.65,1
12617.0,28,1,355.53000000000003,355.53000000000003,0
12618.0,21,1,177.31,177.31,0
12619.0,15,9,3641.24,404.5822222222222,0
12620.0,14,3,1339.41,446.47,0
12621.0,1,20,13689.67,684.4835,0
12622.0,231,1,180.1,180.1,1
12623.0,275,1,305.1,305.1,1
12624.0,105,2,641.13,320.565,1
12625.0,211,2,2683.82,1341.91,1
12626.0,22,9,6620.4800000000005,735.6088888888889,0
12627.0,10,7,4478.53,639.79,0
12628.0,3,3,786.46,262.15333333333336,0
12630.0,9,2,1270.88,635.44,0
12631.0,56,1,640.5,640.5,0
12633.0,58,4,2163.98,540.995,0
12635.0,89,2,1689.18,844.59,0
12637.0,66,8,6021.9,752.7375,0
12638.0,32,1,671.69,671.69,0
12639.0,238,1,486.1,486.1,1
12640.0,23,3,1174.58,391.5266666666666,0
12641.0,114,1,185.9,185.9,1
12642.0,24,3,1013.26,337.75333333333333,0
12643.0,127,6,3344.64,557.4399999999999,1
12644.0,129,1,477.91,477.91,1
12645.0,33,4,1775.18,443.795,0
12646.0,4,2,1346.97,673.485,0
12647.0,21,12,3722.82,310.235,0
12648.0,154,1,318.05,318.05,1
12649.0,106,3,623.51,207.83666666666667,1
12650.0,2,1,314.44,314.44,0
12651.0,334,1,114.0,114.0,1
12652.0,330,1,919.98,919.98,1
12653.0,148,2,2209.85,1104.925,1
12654.0,10,5,601.98,120.396,0
12656.0,16,5,4051.17,810.234,0
12657.0,10,4,1643.18,410.795,0
12658.0,18,1,686.05,686.05,0
12659.0,29,1,91.68,91.68,0
12660.0,10,1,245.1,245.1,0
12662.0,0,11,3849.78,349.98,0
12664.0,7,9,4881.88,542.4311111111111,0
12665.0,324,1,63.0,63.0,1
12667.0,57,1,620.13,620.13,0
12668.0,11,4,3807.15,951.7875,0
12669.0,150,3,2744.03,914.6766666666666,1
12670.0,9,5,2996.05,599.21,0
12672.0,329,1,225.9,225.9,1
12673.0,4,2,610.52,305.26,0
12674.0,38,4,1970.6,492.65,0
12676.0,24,6,1331.39,221.8983333333333,0
12678.0,41,12,17628.46,1469.0383333333332,0
12679.0,58,4,1113.02,278.255,0
12680.0,0,4,862.81,215.7025,0
12681.0,14,22,13787.54,626.7063636363637,0
12682.0,3,31,12288.22,396.3941935483871,0
12683.0,3,15,8476.57,565.1046666666666,0
12684.0,7,7,2283.63,326.23285714285714,0
12685.0,27,6,2863.08,477.18,0
12686.0,371,1,89.14,89.14,1
12688.0,113,1,4873.81,4873.81,1
12689.0,25,2,1247.61,623.8050000000001,0
12690.0,205,1,389.01,389.01,1
12691.0,27,6,1035.8,172.63333333333333,0
12693.0,126,4,855.91,213.9775,1
12694.0,69,2,869.67,434.835,0
12695.0,6,4,582.1,145.525,0
12697.0,28,3,957.59,319.19666666666666,0
12700.0,7,4,4939.99,1234.9975,0
12701.0,79,2,797.71,398.855,0
12702.0,19,1,219.0,219.0,0
12703.0,70,1,283.55,283.55,0
12704.0,6,8,2340.84,292.605,0
12705.0,14,9,6868.29,763.1433333333333,0
12707.0,291,1,603.42,603.42,1
12708.0,29,10,2712.91,271.291,0
12709.0,14,15,9736.52,649.1013333333334,0
12710.0,96,3,1149.02,383.00666666666666,1
12712.0,28,13,4396.13,338.1638461538462,0
12713.0,0,1,848.55,848.55,0
12714.0,8,5,4708.86,941.772,0
12715.0,105,1,353.86,353.86,1
12716.0,3,2,1053.49,526.745,0
12717.0,150,2,1030.98,515.49,1
12718.0,70,1,238.25,238.25,0
12719.0,4,2,644.95,322.475,0
12720.0,2,25,5781.7300000000005,231.2692,0
12721.0,31,6,2656.13,442.6883333333333,0
12722.0,84,4,997.63,249.4075,0
12723.0,3,5,725.07,145.014,0
12724.0,4,4,1031.41,257.8525,0
12725.0,370,1,427.8,427.8,1
12726.0,27,7,2609.1,372.7285714285714,0
12727.0,10,7,3980.7,568.6714285714286,0
12728.0,70,4,836.33,209.0825,0
12729.0,113,1,453.01,453.01,1
12731.0,23,12,18895.91,1574.6591666666666,0
12732.0,179,1,236.26,236.26,1
12733.0,233,1,383.95,383.95,1
12734.0,352,1,110.4,110.4,1
12735.0,314,2,779.5699999999999,389.785,1
12736.0,332,1,234.0,234.0,1
12738.0,371,1,155.35,155.35,1
12739.0,77,2,1013.04,506.52,0
12740.0,63,1,427.6,427.6,0
12743.0,133,2,546.43,273.215,1
12744.0,51,7,21279.29,3039.898571428572,0
12747.0,1,11,4196.01,381.4554545454546,0
12748.0,0,209,33719.73,161.3384210526316,0
12749.0,3,5,4090.88,818.176,0
12750.0,128,1,275.88,275.88,1
12752.0,80,1,4366.78,4366.78,0
12753.0,22,6,21429.39,3571.565,0
12754.0,235,3,3010.74,1003.58,1
12755.0,280,2,3811.95,1905.975,1
12756.0,86,1,112.08,112.08,0
12757.0,15,13,7857.1,604.3923076923077,0
12758.0,116,2,2791.59,1395.795,1
12759.0,51,3,1531.44,510.48,0
12762.0,7,2,1898.52,949.26,0
12763.0,137,2,494.08,247.04,1
12764.0,316,1,1693.88,1693.88,1
12766.0,3,7,6989.63,998.5185714285716,0
12769.0,238,1,1143.6,1143.6,1
12770.0,210,1,1351.45,1351.45,1
12772.0,59,1,892.47,892.47,0
12775.0,16,5,1386.04,277.208,0
12778.0,19,6,822.23,137.03833333333333,0
12779.0,37,8,3981.36,497.67,0
12781.0,63,2,826.74,413.37,0
12782.0,4,5,2330.92,466.184,0
12783.0,1,6,2225.91,370.985,0
12784.0,8,2,574.42,287.21,0
12785.0,363,1,311.95,311.95,1
12787.0,9,3,463.66,154.55333333333334,0
12789.0,64,1,91.85,91.85,0
12790.0,191,1,324.92,324.92,1
12791.0,373,1,192.6,192.6,1
12792.0,256,1,400.54,400.54,1
12793.0,334,2,545.48,272.74,1
12794.0,52,2,860.41,430.205,0
12795.0,18,1,430.48,430.48,0
12797.0,365,1,254.03,254.03,1
12798.0,9,3,6977.04,2325.68,0
12802.0,186,1,427.58,427.58,1
12808.0,36,3,483.65,161.21666666666667,0
12809.0,177,1,489.31,489.31,1
12811.0,260,3,514.85,171.61666666666667,1
12812.0,44,1,229.64,229.64,0
12814.0,101,1,125.92,125.92,1
12815.0,147,2,1063.46,531.73,1
12816.0,95,2,572.2,286.1,1
12817.0,280,1,166.04000000000002,166.04000000000002,1
12818.0,261,1,1542.08,1542.08,1
12820.0,2,4,942.34,235.585,0
12821.0,213,1,92.72,92.72,1
12822.0,70,2,948.88,474.44,0
12823.0,74,5,1759.5,351.9,0
12824.0,59,1,397.12,397.12,0
12826.0,2,7,1474.72,210.67428571428573,0
12827.0,5,3,430.15,143.38333333333333,0
12828.0,2,6,1018.71,169.785,0
12829.0,336,2,293.0,146.5,1
12830.0,37,6,6814.64,1135.7733333333333,0
12831.0,261,1,215.05,215.05,1
12832.0,31,2,383.03,191.515,0
12833.0,144,1,417.38,417.38,1
12834.0,282,1,312.38,312.38,1
12836.0,58,4,2612.86,653.215,0
12837.0,172,1,134.1,134.1,1
12838.0,33,2,683.13,341.565,0
12839.0,2,14,5591.42,399.38714285714286,0
12840.0,143,4,2726.77,681.6925,1
12841.0,4,25,4022.35,160.894,0
12842.0,69,2,1118.99,559.495,0
12843.0,65,8,1702.26,212.7825,0
12844.0,28,2,325.96000000000004,162.98000000000002,0
12845.0,266,4,354.09000000000003,88.52250000000001,1
12847.0,21,1,871.54,871.54,0
12849.0,30,2,1050.89,525.445,0
12851.0,96,1,135.18,135.18,1
12852.0,294,1,311.55,311.55,1
12853.0,134,6,1957.1,326.18333333333334,1
12854.0,78,3,1324.5,441.5,0
12855.0,372,1,38.1,38.1,1
12856.0,7,6,2179.93,363.32166666666666,0
12857.0,210,2,1106.4,553.2,1
12863.0,51,1,521.2,521.2,0
12864.0,137,1,147.12,147.12,1
12865.0,25,2,1568.23,784.115,0
12866.0,282,1,559.12,559.12,1
12867.0,25,7,4036.82,576.6885714285714,0
12868.0,185,6,1607.0600000000002,267.84333333333336,1
12871.0,83,2,380.64,190.32,0
12872.0,326,2,599.97,299.985,1
12873.0,281,1,374.0,374.0,1
12875.0,142,2,343.2300000000001,171.61500000000004,1
12876.0,57,2,2218.02,1109.01,0
12877.0,3,12,1535.77,127.98083333333334,0
12878.0,235,2,854.99,427.495,1
12879.0,44,3,573.22,191.07333333333332,0
12881.0,275,1,298.0,298.0,1
12882.0,8,2,1463.04,731.52,0
12883.0,24,4,703.47,175.8675,0
12884.0,87,1,309.05,309.05,0
12885.0,62,3,1175.22,391.74,0
12886.0,67,2,1378.4,689.2,0
12888.0,213,2,354.12,177.06,1
12890.0,23,1,380.47,380.47,0
12891.0,185,3,331.0,110.33333333333331,1
12893.0,30,1,188.14,188.14,0
12895.0,41,2,372.8,186.4,0
12897.0,204,2,216.5,108.25,1
12901.0,8,28,17654.54,630.5192857142857,0
12902.0,264,1,138.68,138.68,1
12904.0,17,2,509.58,254.79,0
12906.0,11,5,2919.81,583.962,0
12908.0,175,2,750.0,375.0,1
12909.0,39,5,2178.67,435.734,0
12910.0,22,8,3075.04,384.38,0
12912.0,2,5,1662.3,332.46,0
12913.0,4,5,2483.63,496.726,0
12915.0,148,2,363.65,181.825,1
12916.0,138,4,3006.15,751.5375,1
12917.0,127,1,594.0,594.0,1
12919.0,7,6,1335.19,222.53166666666667,0
12920.0,16,1,164.23,164.23,0
12921.0,8,37,16587.09,448.2997297297297,0
12922.0,160,1,405.38,405.38,1
12923.0,63,1,176.97,176.97,0
12924.0,87,4,933.7,233.425,0
12925.0,4,2,694.05,347.025,0
12928.0,34,5,2062.7,412.54,0
12929.0,311,1,117.85,117.85,1
12930.0,77,2,415.8,207.9,0
12931.0,21,15,42055.96,2803.730666666667,0
12933.0,23,3,607.53,202.51,0
12935.0,1,7,2160.7,308.6714285714285,0
12936.0,16,4,1063.9,265.975,0
12937.0,14,4,1504.27,376.0675,0
12938.0,25,1,114.14,114.14,0
12939.0,63,8,11581.8,1447.725,0
12940.0,54,2,913.54,456.77,0
12942.0,130,3,683.9,227.96666666666667,1
12944.0,35,2,604.51,302.255,0
12945.0,287,1,462.95,462.95,1
12947.0,143,6,1603.99,267.33166666666665,1
12948.0,15,7,2064.95,294.99285714285713,0
12949.0,30,8,4167.22,520.9025,0
12950.0,1,3,1843.0,614.3333333333334,0
12951.0,8,6,1064.07,177.345,0
12952.0,5,4,1387.79,346.9475,0
12953.0,9,1,329.85,329.85,0
12955.0,0,11,4757.16,432.4690909090909,0
12956.0,305,1,108.07,108.07,1
12957.0,9,8,4017.54,502.1925,0
12962.0,6,2,266.39,133.195,0
12963.0,7,8,1856.63,232.07875,0
12965.0,88,1,771.91,771.91,0
12966.0,9,1,160.18,160.18,0
12967.0,357,2,1660.9,830.45,1
12968.0,111,1,135.95,135.95,1
12970.0,6,4,452.24,113.06,0
12971.0,3,86,11189.91,130.11523255813952,0
12974.0,197,1,144.8,144.8,1
12976.0,211,1,738.6,738.6,1
12977.0,155,1,39.24,39.24,1
12980.0,157,9,7374.900000000001,819.4333333333334,1
12981.0,29,2,372.22,186.11,0
12982.0,242,1,390.54,390.54,1
12984.0,18,1,97.5,97.5,0
12985.0,0,2,1239.38,619.69,0
12987.0,73,2,558.7,279.35,0
12988.0,291,1,535.32,535.32,1
12989.0,2,15,6924.11,461.6073333333333,0
12990.0,30,3,409.5,136.5,0
12991.0,22,2,503.76,251.88,0
12993.0,22,4,414.76,103.69,0
12994.0,3,3,974.42,324.8066666666667,0
12995.0,84,1,211.32,211.32,0
12997.0,21,4,1226.89,306.7225,0
12999.0,195,3,455.88,151.96,1
13000.0,106,3,534.85,178.28333333333333,1
13001.0,3,13,9818.82,755.2938461538462,0
13002.0,317,1,120.95,120.95,1
13003.0,105,3,149.05,49.68333333333334,1
13004.0,11,18,5655.91,314.21722222222223,0
13005.0,173,2,513.7,256.85,1
13006.0,55,1,81.57,81.57,0
13008.0,322,1,229.47,229.47,1
13011.0,371,1,50.55,50.55,1
13012.0,8,8,1661.84,207.73,0
13013.0,0,13,4810.9400000000005,370.0723076923077,0
13014.0,10,10,3466.28,346.62800000000004,0
13015.0,52,5,3346.28,669.2560000000001,0
13016.0,72,3,789.89,263.2966666666667,0
13017.0,6,1,204.0,204.0,0
13018.0,15,28,7277.7,259.91785714285714,0
13021.0,3,9,2616.38,290.7088888888889,0
13023.0,63,2,689.9,344.95,0
13026.0,0,5,975.36,195.072,0
13027.0,113,6,6912.0,1152.0,1
13028.0,22,2,661.3199999999999,330.66,0
13029.0,30,3,1247.5,415.8333333333333,0
13030.0,10,2,799.48,399.74,0
13032.0,51,2,1010.18,505.09,0
13033.0,356,1,190.55,190.55,1
13034.0,54,2,642.77,321.385,0
13035.0,73,2,921.88,460.94,0
13037.0,137,3,881.07,293.69,1
13038.0,79,3,908.46,302.82,0
13040.0,8,2,676.99,338.495,0
13043.0,272,1,516.42,516.42,1
13044.0,290,1,560.47,560.47,1
13045.0,98,1,305.28000000000003,305.28000000000003,1
13046.0,30,2,629.31,314.655,0
13047.0,31,10,3237.54,323.754,0
13048.0,13,4,1835.91,458.9775,0
13049.0,63,2,656.6800000000001,328.34000000000003,0
13050.0,14,17,5836.86,343.3447058823529,0
13052.0,211,1,348.15000000000003,348.15000000000003,1
13055.0,77,3,1214.41,404.8033333333333,0
13058.0,24,3,271.40000000000003,90.46666666666668,0
13059.0,249,1,183.4,183.4,1
13060.0,253,1,307.53000000000003,307.53000000000003,1
13061.0,71,1,248.61,248.61,0
13062.0,190,1,346.98,346.98,1
13064.0,12,4,1119.49,279.8725,0
13065.0,372,1,205.86,205.86,1
13066.0,23,2,470.8,235.4,0
13067.0,81,1,115.46,115.46,0
13068.0,9,2,344.0,172.0,0
13069.0,0,24,4436.12,184.8383333333333,0
13070.0,191,1,228.8,228.8,1
13072.0,266,1,177.15,177.15,1
13075.0,129,1,919.61,919.61,1
13077.0,0,4,729.27,182.3175,0
13078.0,2,26,12627.94,485.69,0
13079.0,3,5,220.1,44.02,0
13080.0,178,1,58.08,58.08,1
13081.0,11,11,28337.38,2576.1254545454544,0
13082.0,125,9,3613.63,401.5144444444445,1
13083.0,3,2,303.75,151.875,0
13085.0,157,2,416.08,208.04,1
13089.0,2,97,58825.83,606.4518556701031,0
13090.0,8,14,8910.82,636.4871428571429,0
13091.0,27,1,345.82,345.82,0
13092.0,70,5,477.83,95.566,0
13093.0,275,8,7832.47,979.05875,1
13094.0,20,12,1927.32,160.61,0
13095.0,70,1,74.39999999999999,74.39999999999999,0
13097.0,32,10,6010.42,601.042,0
13098.0,0,28,28882.44,1031.5157142857142,0
13099.0,98,1,207.36,207.36,1
13101.0,233,1,101.19,101.19,1
13102.0,0,24,6424.09,267.67041666666665,0
13103.0,39,1,243.94,243.94,0
13104.0,2,6,1098.48,183.08,0
13106.0,132,1,76.5,76.5,1
13107.0,43,4,1531.62,382.905,0
13108.0,372,1,350.06,350.06,1
13109.0,59,2,786.54,393.27,0
13110.0,30,7,1488.67,212.6671428571429,0
13113.0,0,24,12245.96,510.2483333333334,0
13115.0,11,4,2294.78,573.695,0
13116.0,137,1,501.14,501.14,1
13117.0,21,8,984.91,123.11375,0
13118.0,19,5,1197.81,239.562,0
13120.0,238,1,30.6,30.6,1
13121.0,268,1,283.73,283.73,1
13122.0,93,2,922.39,461.195,1
13124.0,89,3,3866.33,1288.7766666666666,0
13126.0,4,8,2099.64,262.455,0
13127.0,77,1,259.17,259.17,0
13130.0,93,1,64.0,64.0,1
13131.0,22,3,1073.3,357.76666666666665,0
13132.0,261,1,77.3,77.3,1
13133.0,273,2,109.8,54.9,1
13134.0,85,4,1793.58,448.395,0
13135.0,196,1,3096.0,3096.0,1
13136.0,55,5,2607.61,521.522,0
13137.0,10,8,3650.41,456.30125,0
13138.0,21,6,962.39,160.39833333333334,0
13139.0,15,7,5064.9400000000005,723.5628571428572,0
13140.0,107,3,423.72,141.24,1
13141.0,84,5,2388.75,477.75,0
13142.0,18,1,307.09000000000003,307.09000000000003,0
13144.0,332,1,110.95,110.95,1
13145.0,39,4,618.52,154.63,0
13146.0,25,1,228.91,228.91,0
13147.0,9,4,712.8,178.2,0
13148.0,28,12,3707.12,308.9266666666667,0
13149.0,13,4,1676.06,419.015,0
13151.0,295,1,1257.87,1257.87,1
13153.0,5,1,486.22,486.22,0
13155.0,32,4,971.76,242.94,0
13157.0,48,4,1741.22,435.305,0
13158.0,94,4,1201.06,300.265,1
13159.0,8,4,1437.85,359.4625,0
13160.0,21,1,91.8,91.8,0
13161.0,312,1,112.75,112.75,1
13162.0,121,4,1688.29,422.0725,1
13165.0,45,2,1021.48,510.74,0
13166.0,282,1,417.2,417.2,1
13167.0,18,4,791.33,197.8325,0
13168.0,35,4,1319.19,329.7975,0
13169.0,63,2,712.88,356.44,0
13170.0,26,1,116.01,116.01,0
13171.0,21,3,468.41,156.13666666666668,0
13173.0,3,2,353.65000000000003,176.82500000000002,0
13174.0,15,3,2817.03,939.01,0
13176.0,45,1,492.84,492.84,0
13177.0,64,1,282.45,282.45,0
13178.0,25,11,5725.47,520.4972727272727,0
13182.0,44,1,121.18,121.18,0
13183.0,7,9,3957.78,439.7533333333333,0
13184.0,14,10,1701.29,170.129,0
13185.0,267,1,71.4,71.4,1
13186.0,39,3,1575.89,525.2966666666667,0
13187.0,336,1,236.02,236.02,1
13188.0,10,1,114.6,114.6,0
13189.0,18,2,260.68,130.34,0
13192.0,94,2,911.94,455.97,1
13193.0,60,1,117.88,117.88,0
13194.0,135,1,60.7,60.7,1
13196.0,10,4,1797.78,449.445,0
13198.0,9,6,3401.24,566.8733333333333,0
13199.0,3,38,9817.12,258.34526315789475,0
13200.0,18,4,870.09,217.5225,0
13203.0,9,4,869.46,217.365,0
13207.0,14,2,250.26,125.13,0
13208.0,58,6,1223.9,203.98333333333332,0
13209.0,29,8,5891.61,736.45125,0
13210.0,93,1,353.48,353.48,1
13211.0,9,3,1197.42,399.14,0
13212.0,19,3,788.08,262.6933333333333,0
13213.0,56,5,1520.58,304.116,0
13216.0,267,1,333.74,333.74,1
13217.0,121,3,533.98,177.99333333333334,1
13218.0,126,1,62.64,62.64,1
13220.0,77,4,819.2900000000001,204.8225,0
13221.0,239,2,847.41,423.705,1
13223.0,199,2,163.2,81.6,1
13224.0,59,2,2155.95,1077.975,0
13225.0,2,7,6463.84,923.4057142857145,0
13226.0,272,1,108.21,108.21,1
13227.0,201,1,257.7,257.7,1
13228.0,80,1,358.0,358.0,0
13229.0,225,1,160.95,160.95,1
13230.0,3,14,2806.97,200.49785714285716,0
13232.0,12,7,1357.6,193.94285714285712,0
13233.0,73,2,605.12,302.56,0
13235.0,211,1,1031.07,1031.07,1
13236.0,24,2,744.85,372.425,0
13238.0,16,4,700.73,175.1825,0
13239.0,261,1,329.56,329.56,1
13240.0,95,4,663.65,165.9125,1
13242.0,111,3,270.40000000000003,90.13333333333334,1
13243.0,202,1,600.07,600.07,1
13244.0,92,1,121.74,121.74,1
13245.0,50,1,430.5,430.5,0
13246.0,17,6,1987.3,331.21666666666664,0
13247.0,17,4,501.12,125.28,0
13248.0,124,2,465.68,232.84,1
13249.0,91,3,711.41,237.13666666666663,1
13253.0,156,2,1030.4,515.2,1
13255.0,8,2,399.51,199.755,0
13258.0,11,3,698.5799999999999,232.86,0
13259.0,61,1,292.32,292.32,0
13260.0,60,1,557.62,557.62,0
13261.0,268,2,944.1,472.05,1
13262.0,262,1,200.29,200.29,1
13263.0,0,35,7454.07,212.97342857142857,0
13265.0,52,5,2107.66,421.532,0
13266.0,10,12,3834.26,319.52166666666665,0
13267.0,2,19,4521.49,237.97315789473683,0
13268.0,17,11,3214.69,292.24454545454546,0
13269.0,0,15,5346.2300000000005,356.41533333333336,0
13270.0,365,1,590.0,590.0,1
13271.0,36,1,217.38,217.38,0
13272.0,30,2,276.56,138.28,0
13273.0,112,1,138.98,138.98,1
13276.0,63,2,590.9300000000001,295.46500000000003,0
13277.0,15,4,258.4,64.6,0
13278.0,40,1,542.73,542.73,0
13279.0,77,1,137.75,137.75,0
13280.0,121,3,814.86,271.62,1
13282.0,17,3,1132.14,377.38000000000005,0
13283.0,59,2,93.66,46.83,0
13284.0,330,1,201.19,201.19,1
13285.0,22,4,2709.12,677.28,0
13291.0,155,1,361.11,361.11,1
13292.0,38,2,578.94,289.47,0
13294.0,189,2,873.74,436.87,1
13295.0,359,1,201.2,201.2,1
13296.0,136,1,87.4,87.4,1
13297.0,7,4,2089.85,522.4625,0
13298.0,0,1,360.0,360.0,0
13299.0,267,1,142.5,142.5,1
13300.0,168,1,371.89,371.89,1
13301.0,103,4,618.09,154.5225,1
13302.0,154,1,63.75,63.75,1
13304.0,350,1,300.42,300.42,1
13305.0,3,10,2000.86,200.086,0
13307.0,119,1,15.0,15.0,1
13308.0,22,3,1385.51,461.8366666666666,0
13309.0,6,5,1456.79,291.358,0
13310.0,27,3,1132.03,377.3433333333333,0
13311.0,3,2,598.57,299.285,0
13313.0,21,5,1555.3200000000002,311.064,0
13314.0,1,3,775.94,258.6466666666667,0
13316.0,36,4,5977.73,1494.4325,0
13317.0,65,6,2273.68,378.94666666666666,0
13318.0,0,3,640.76,213.58666666666667,0
13319.0,4,26,10845.55,417.1365384615385,0
13320.0,77,4,1548.7,387.175,0
13321.0,71,2,567.36,283.68,0
13322.0,16,1,199.48,199.48,0
13323.0,2,5,787.85,157.57,0
13324.0,35,10,7121.95,712.1949999999999,0
13325.0,81,1,675.3,675.3,0
13327.0,38,8,3627.77,453.47125,0
13328.0,315,1,1308.48,1308.48,1
13329.0,31,2,789.0,394.5,0
13330.0,92,3,1140.93,380.31,1
13332.0,13,1,350.90000000000003,350.90000000000003,0
13334.0,81,3,3536.82,1178.94,0
13336.0,76,1,795.12,795.12,0
13338.0,157,1,487.02,487.02,1
13339.0,200,1,860.12,860.12,1
13340.0,44,7,10736.48,1533.782857142857,0
13341.0,260,1,775.85,775.85,1
13343.0,177,1,353.43,353.43,1
13344.0,67,3,2543.7200000000003,847.9066666666668,0
13345.0,287,1,389.5,389.5,1
13347.0,69,1,341.36,341.36,0
13348.0,63,1,233.76,233.76,0
13349.0,10,1,247.32,247.32,0
13350.0,15,2,979.12,489.56,0
13351.0,65,1,373.94,373.94,0
13352.0,59,1,397.98,397.98,0
13354.0,70,1,743.53,743.53,0
13355.0,121,1,674.7,674.7,1
13356.0,79,1,768.24,768.24,0
13357.0,256,1,609.95,609.95,1
13358.0,268,1,439.03,439.03,1
13359.0,63,1,439.56,439.56,0
13362.0,8,4,3090.74,772.6850000000001,0
13363.0,17,2,992.5,496.25,0
13364.0,70,1,134.96,134.96,0
13365.0,33,2,2225.37,1112.685,0
13366.0,49,1,56.16,56.16,0
13368.0,256,2,623.4,311.7,1
13369.0,365,1,308.28000000000003,308.28000000000003,1
13370.0,371,1,754.87,754.87,1
13372.0,89,1,378.64,378.64,0
13373.0,60,3,3312.25,1104.0833333333333,0
13375.0,88,1,778.65,778.65,0
13376.0,98,3,1019.76,339.92,1
13379.0,25,3,572.56,190.85333333333327,0
13381.0,31,6,3639.31,606.5516666666666,0
13382.0,280,1,222.99,222.99,1
13384.0,30,7,4151.93,593.1328571428572,0
13385.0,329,1,534.57,534.57,1
13388.0,130,2,677.1,338.55,1
13389.0,10,3,797.96,265.9866666666667,0
13390.0,74,1,544.08,544.08,0
13391.0,203,1,59.8,59.8,1
13394.0,1,8,2520.02,315.0025,0
13395.0,184,1,307.72,307.72,1
13396.0,28,2,1360.99,680.495,0
13397.0,72,5,1544.13,308.826,0
13398.0,191,1,457.34,457.34,1
13402.0,126,2,621.23,310.615,1
13403.0,17,1,75.0,75.0,0
13404.0,0,2,252.49,126.245,0
13405.0,73,3,572.451,190.817,0
13408.0,1,62,28117.04,453.5006451612903,0
13410.0,23,5,1003.06,200.612,0
13411.0,106,1,213.55,213.55,1
13414.0,133,3,1390.5,463.5,1
13416.0,43,2,712.5,356.25,0
13417.0,4,2,640.83,320.415,0
13418.0,11,18,6127.43,340.4127777777778,0
13419.0,63,1,221.06,221.06,0
13420.0,149,2,159.85,79.925,1
13421.0,39,2,1851.08,925.54,0
13422.0,63,1,2626.3,2626.3,0
13425.0,107,3,1624.21,541.4033333333333,1
13426.0,0,10,3641.32,364.132,0
13427.0,18,3,582.6,194.2,0
13428.0,9,1,218.47,218.47,0
13429.0,10,4,1006.8,251.7,0
13430.0,18,2,679.45,339.725,0
13431.0,66,2,1269.1,634.55,0
13434.0,73,2,534.24,267.12,0
13435.0,4,7,3809.89,544.27,0
13436.0,1,1,196.89,196.89,0
13437.0,13,7,3408.06,486.8657142857143,0
13439.0,254,1,283.71,283.71,1
13441.0,91,1,296.64,296.64,1
13447.0,22,3,1129.14,376.38000000000005,0
13448.0,16,6,3539.3700000000003,589.8950000000001,0
13449.0,23,1,291.88,291.88,0
13450.0,26,6,2043.72,340.62,0
13451.0,25,5,2976.15,595.23,0
13452.0,258,2,590.0,295.0,1
13453.0,165,2,356.98,178.49,1
13455.0,24,2,1058.34,529.17,0
13456.0,17,6,1766.72,294.4533333333333,0
13458.0,6,14,9646.57,689.0407142857142,0
13460.0,28,2,183.44,91.72,0
13461.0,38,3,1445.0,481.6666666666667,0
13462.0,252,1,151.5,151.5,1
13464.0,57,1,674.68,674.68,0
13466.0,183,1,307.90000000000003,307.90000000000003,1
13467.0,10,2,1083.71,541.855,0
13468.0,1,37,5704.97,154.1883783783784,0
13470.0,98,2,165.0,82.5,1
13471.0,0,4,2531.58,632.895,0
13473.0,60,2,422.64,211.32,0
13474.0,235,1,229.59,229.59,1
13475.0,190,4,1431.78,357.945,1
13476.0,178,2,1238.47,619.235,1
13477.0,37,6,1454.58,242.43,0
13479.0,200,2,300.95,150.475,1
13481.0,45,5,1804.56,360.912,0
13482.0,231,1,184.64,184.64,1
13483.0,65,1,140.34,140.34,0
13484.0,240,1,313.8,313.8,1
13485.0,232,1,454.24,454.24,1
13486.0,77,3,1122.41,374.1366666666667,0
13487.0,57,3,575.4,191.8,0
13488.0,16,13,8968.31,689.87,0
13489.0,104,4,449.52,112.38,1
13491.0,51,10,1215.82,121.582,0
13492.0,135,3,1269.84,423.28,1
13493.0,274,2,618.63,309.315,1
13494.0,311,1,316.26000000000005,316.26000000000005,1
13495.0,7,5,2044.87,408.9740000000001,0
13496.0,10,2,653.33,326.665,0
13497.0,282,2,348.05,174.025,1
13499.0,17,5,1159.11,231.82200000000003,0
13500.0,22,3,1166.77,388.92333333333335,0
13501.0,287,1,1340.32,1340.32,1
13502.0,16,3,292.0,97.33333333333331,0
13503.0,70,1,216.85,216.85,0
13504.0,63,1,295.93,295.93,0
13505.0,72,4,4393.63,1098.4075,0
13506.0,315,2,458.52,229.26,1
13507.0,2,4,2479.16,619.79,0
13508.0,243,1,110.97,110.97,1
13509.0,8,7,979.72,139.96,0
13510.0,0,4,1791.56,447.89,0
13512.0,260,1,251.21,251.21,1
13513.0,126,1,205.1,205.1,1
13514.0,73,1,152.20000000000002,152.20000000000002,0
13515.0,72,4,891.12,222.78,0
13516.0,20,3,1389.41,463.1366666666667,0
13517.0,59,3,2128.42,709.4733333333334,0
13518.0,85,1,659.44,659.44,0
13519.0,77,1,122.75,122.75,0
13520.0,58,6,3624.35,604.0583333333333,0
13521.0,0,3,1093.65,364.55,0
13522.0,29,1,125.8,125.8,0
13523.0,32,5,3964.88,792.976,0
13524.0,40,5,680.1800000000001,136.036,0
13525.0,14,2,628.78,314.39,0
13527.0,33,7,2287.51,326.7871428571429,0
13529.0,78,2,307.76,153.88,0
13531.0,204,2,483.8,241.9,1
13532.0,33,1,210.31,210.31,0
13533.0,182,3,270.79,90.26333333333334,1
13534.0,1,25,5870.08,234.8032,0
13536.0,0,7,3448.29,492.61285714285714,0
13538.0,42,7,1280.85,182.97857142857143,0
13539.0,85,3,631.34,210.4466666666667,0
13544.0,39,2,291.41,145.705,0
13546.0,11,3,626.99,208.99666666666667,0
13548.0,95,2,682.41,341.205,1
13549.0,25,7,918.2,131.17142857142858,0
13551.0,318,1,91.8,91.8,1
13552.0,65,12,3740.07,311.6725,0
13555.0,73,4,4149.28,1037.32,0
13557.0,27,2,584.0600000000001,292.03000000000003,0
13558.0,5,4,605.06,151.265,0
13560.0,6,1,174.37,174.37,0
13561.0,215,1,141.86,141.86,1
13562.0,81,3,1799.3300000000002,599.7766666666668,0
13563.0,83,2,777.53,388.765,0
13564.0,143,3,1749.02,583.0066666666667,1
13565.0,18,2,240.22,120.11,0
13566.0,40,2,874.71,437.355,0
13568.0,172,1,192.85,192.85,1
13569.0,16,2,373.75,186.875,0
13570.0,242,1,239.49,239.49,1
13571.0,12,12,2092.32,174.36,0
13572.0,205,1,1384.25,1384.25,1
13573.0,49,2,294.40000000000003,147.20000000000002,0
13575.0,22,5,732.07,146.41400000000002,0
13576.0,9,18,6717.34,373.18555555555554,0
13577.0,24,4,1687.6,421.9,0
13579.0,14,2,467.04,233.52,0
13581.0,308,1,118.0,118.0,1
13583.0,155,1,781.03,781.03,1
13584.0,306,1,142.4,142.4,1
13587.0,63,1,712.4,712.4,0
13588.0,15,9,2478.95,275.43888888888887,0
13589.0,14,2,379.65,189.825,0
13590.0,10,6,1981.92,330.32,0
13591.0,64,3,1117.13,372.3766666666667,0
13592.0,35,4,247.96,61.99,0
13593.0,107,5,2037.08,407.41600000000005,1
13594.0,52,1,396.97,396.97,0
13596.0,5,2,697.04,348.52,0
13598.0,46,1,180.17,180.17,0
13599.0,0,21,5153.67,245.41285714285715,0
13600.0,311,1,219.52,219.52,1
13601.0,44,2,693.32,346.66,0
13602.0,64,1,428.89,428.89,0
13603.0,25,1,164.34,164.34,0
13606.0,28,3,280.54,93.51333333333334,0
13607.0,39,1,678.01,678.01,0
13610.0,11,7,1131.88,161.69714285714286,0
13611.0,88,3,1171.8,390.6,0
13614.0,23,4,1610.46,402.615,0
13615.0,318,1,417.69,417.69,1
13617.0,39,3,544.18,181.3933333333333,0
13618.0,173,1,177.34,177.34,1
13621.0,116,1,213.85,213.85,1
13623.0,30,5,747.78,149.55599999999998,0
13626.0,252,1,257.23,257.23,1
13627.0,58,5,1638.47,327.694,0
13629.0,22,11,7792.36,708.3963636363636,0
13630.0,4,7,2031.78,290.2542857142857,0
13631.0,99,11,3070.42,279.1290909090909,1
13632.0,24,5,2121.27,424.254,0
13634.0,32,5,1575.16,315.03200000000004,0
13635.0,67,1,1071.03,1071.03,0
13636.0,36,5,949.12,189.824,0
13637.0,51,3,810.5,270.1666666666667,0
13638.0,15,1,122.64,122.64,0
13639.0,73,1,1033.34,1033.34,0
13642.0,215,1,354.8,354.8,1
13643.0,30,3,519.44,173.14666666666668,0
13644.0,15,4,2624.26,656.065,0
13645.0,119,1,252.1,252.1,1
13647.0,9,4,1678.12,419.53,0
13649.0,256,2,346.6,173.3,1
13650.0,16,6,1836.34,306.0566666666667,0
13651.0,34,2,94.2,47.1,0
13652.0,45,3,1095.08,365.0266666666666,0
13654.0,42,6,2707.33,451.2216666666666,0
13655.0,113,2,932.97,466.485,1
13656.0,164,2,379.65,189.825,1
13657.0,10,2,382.14,191.07,0
13658.0,9,5,2639.17,527.8340000000001,0
13659.0,205,2,1573.2,786.6,1
13662.0,85,3,897.76,299.25333333333333,0
13663.0,178,1,189.47,189.47,1
13666.0,59,3,84.65,28.21666666666667,0
13667.0,148,1,305.02,305.02,1
13668.0,2,21,6363.59,303.02809523809526,0
13669.0,50,2,218.55,109.275,0
13670.0,74,1,349.7,349.7,0
13672.0,300,2,186.39,93.195,1
13673.0,18,2,396.92,198.46,0
13675.0,150,2,486.8200000000001,243.41000000000005,1
13678.0,151,1,232.6,232.6,1
13680.0,0,4,3722.42,930.605,0
13681.0,17,4,827.83,206.9575,0
13682.0,186,1,59.5,59.5,1
13684.0,285,1,67.23,67.23,1
13685.0,2,7,3119.44,445.63428571428574,0
13686.0,182,1,72.0,72.0,1
13689.0,62,1,910.0,910.0,0
13690.0,58,1,172.25,172.25,0
13692.0,24,3,1488.32,496.1066666666666,0
13694.0,3,50,65039.62,1300.7924,0
13695.0,30,15,2504.13,166.942,0
13697.0,38,1,151.3,151.3,0
13699.0,154,1,308.58000000000004,308.58000000000004,1
13700.0,25,10,2265.12,226.512,0
13703.0,317,1,99.5,99.5,1
13704.0,4,9,2308.06,256.4511111111111,0
13705.0,7,3,711.86,237.28666666666663,0
13706.0,302,1,330.79,330.79,1
13707.0,266,2,806.41,403.205,1
13708.0,270,1,296.88,296.88,1
13709.0,3,13,6328.05,486.7730769230769,0
13710.0,31,1,180.48,180.48,0
13711.0,218,2,252.06,126.03,1
13712.0,246,1,228.84,228.84,1
13715.0,280,5,1079.34,215.868,1
13716.0,268,1,138.28,138.28,1
13717.0,31,6,1445.01,240.835,0
13718.0,245,2,306.55,153.275,1
13719.0,14,5,1041.68,208.336,0
13720.0,116,4,799.9,199.975,1
13721.0,35,1,524.14,524.14,0
13722.0,131,3,2375.41,791.8033333333333,1
13723.0,216,1,199.85,199.85,1
13725.0,49,8,1980.56,247.57,0
13726.0,38,2,1079.66,539.83,0
13727.0,28,2,333.48,166.74,0
13728.0,36,6,1016.14,169.35666666666663,0
13730.0,135,2,752.6,376.3,1
13731.0,218,2,610.59,305.295,1
13732.0,27,1,491.86,491.86,0
13735.0,24,4,2885.24,721.3100000000001,0
13736.0,4,2,731.9,365.95,0
13737.0,199,1,339.6,339.6,1
13739.0,17,1,216.9,216.9,0
13740.0,240,1,350.75,350.75,1
13741.0,71,3,668.4300000000001,222.81000000000003,0
13742.0,16,12,3131.02,260.9183333333333,0
13743.0,2,7,1341.6,191.65714285714284,0
13744.0,94,2,1156.36,578.18,1
13745.0,161,1,300.04,300.04,1
13747.0,373,1,79.6,79.6,1
13748.0,95,5,948.25,189.65,1
13750.0,53,5,1647.26,329.452,0
13751.0,287,1,296.25,296.25,1
13752.0,123,6,1186.28,197.7133333333333,1
13753.0,287,1,741.26,741.26,1
13754.0,151,2,282.6,141.3,1
13755.0,3,9,2161.35,240.15,0
13756.0,1,14,5189.52,370.68,0
13758.0,11,7,3190.55,455.79285714285714,0
13759.0,32,2,659.4100000000001,329.70500000000004,0
13760.0,53,2,286.79,143.395,0
13761.0,49,2,1070.65,535.325,0
13762.0,218,1,306.72,306.72,1
13763.0,62,1,1714.96,1714.96,0
13764.0,70,3,1521.76,507.2533333333333,0
13767.0,1,37,17220.36,465.41513513513513,0
13769.0,1,10,2796.51,279.651,0
13771.0,63,4,2634.45,658.6125,0
13772.0,33,3,1132.13,377.3766666666667,0
13774.0,81,1,345.0,345.0,0
13777.0,0,33,25977.16,787.1866666666666,0
13778.0,102,1,178.7,178.7,1
13780.0,6,2,360.01,180.005,0
13781.0,250,1,127.84,127.84,1
13782.0,12,6,912.0,152.0,0
13784.0,9,11,2462.79,223.89,0
13786.0,366,1,230.4,230.4,1
13787.0,75,2,309.04,154.52,0
13790.0,3,1,348.79999999999995,348.79999999999995,0
13791.0,127,2,1516.0,758.0,1
13792.0,65,2,195.55,97.775,0
13798.0,0,57,37153.85,651.8219298245614,0
13799.0,116,2,688.86,344.43,1
13800.0,309,1,558.32,558.32,1
13801.0,66,1,324.8,324.8,0
13802.0,138,3,4599.42,1533.14,1
13803.0,254,1,277.07,277.07,1
13804.0,30,7,2635.79,376.5414285714286,0
13805.0,51,2,924.6,462.3,0
13806.0,63,1,256.38,256.38,0
13807.0,366,1,112.6,112.6,1
13808.0,5,5,1747.66,349.53200000000004,0
13809.0,304,1,155.05,155.05,1
13810.0,28,3,1499.01,499.67,0
13811.0,183,3,814.5,271.5,1
13812.0,41,3,539.0,179.66666666666666,0
13813.0,39,4,1366.86,341.71500000000003,0
13814.0,91,2,1579.12,789.56,1
13815.0,21,4,4027.36,1006.84,0
13816.0,23,2,571.6700000000001,285.83500000000004,0
13817.0,28,2,382.98,191.49,0
13819.0,301,3,1140.35,380.1166666666666,1
13821.0,144,2,385.64,192.82,1
13822.0,5,2,632.0,316.0,0
13823.0,18,2,957.66,478.83,0
13824.0,32,5,1698.94,339.788,0
13826.0,175,1,189.5,189.5,1
13827.0,57,3,412.05,137.35,0
13828.0,21,1,209.49,209.49,0
13831.0,15,6,2202.99,367.165,0
13832.0,18,1,52.2,52.2,0
13833.0,158,1,384.8,384.8,1
13835.0,24,4,834.57,208.6425,0
13837.0,211,2,271.24,135.62,1
13838.0,5,4,691.73,172.9325,0
13841.0,252,1,85.0,85.0,1
13842.0,58,9,3385.62,376.18,0
13844.0,10,1,361.62,361.62,0
13845.0,64,1,312.98,312.98,0
13846.0,24,3,865.0600000000001,288.3533333333333,0
13848.0,91,3,1255.0,418.3333333333333,1
13849.0,51,2,1537.95,768.975,0
13850.0,128,1,1595.48,1595.48,1
13851.0,95,3,2651.46,883.82,1
13853.0,56,1,1090.14,1090.14,0
13854.0,8,25,8109.519999999999,324.3808,0
13856.0,168,3,388.5,129.5,1
13858.0,56,1,216.17,216.17,0
13859.0,325,1,201.16,201.16,1
13860.0,0,5,1245.9,249.18,0
13862.0,17,8,2209.36,276.17,0
13863.0,247,1,305.78,305.78,1
13865.0,57,4,501.56,125.39,0
13866.0,73,1,145.67,145.67,0
13867.0,30,3,1015.29,338.43,0
13868.0,6,2,3192.54,1596.27,0
13869.0,122,4,3104.9500000000003,776.2375000000001,1
13870.0,1,8,2770.94,346.3675,0
13871.0,22,13,6403.25,492.5576923076923,0
13873.0,119,3,389.6,129.86666666666667,1
13874.0,357,1,540.45,540.45,1
13875.0,53,5,1786.79,357.358,0
13876.0,63,1,122.7,122.7,0
13877.0,85,1,117.24,117.24,0
13878.0,54,1,1281.53,1281.53,0
13880.0,20,13,3219.77,247.67461538461535,0
13881.0,3,20,17159.52,857.976,0
13882.0,2,5,1191.13,238.22600000000003,0
13883.0,10,5,2674.48,534.896,0
13884.0,6,5,787.6,157.52,0
13885.0,188,2,506.8,253.4,1
13886.0,70,1,243.56,243.56,0
13887.0,203,1,349.55,349.55,1
13888.0,119,2,605.63,302.815,1
13889.0,92,1,416.9,416.9,1
13890.0,0,10,1883.81,188.381,0
13892.0,26,4,632.97,158.2425,0
13893.0,297,1,821.1,821.1,1
13894.0,23,3,564.62,188.20666666666668,0
13895.0,27,4,2593.07,648.2675,0
13897.0,49,1,311.16,311.16,0
13898.0,325,1,155.93,155.93,1
13899.0,15,2,388.52,194.26,0
13900.0,182,3,740.95,246.98333333333332,1
13901.0,71,5,2867.2000000000003,573.44,0
13904.0,36,2,332.64,166.32,0
13908.0,79,4,2369.55,592.3875,0
13911.0,56,9,2580.91,286.7677777777778,0
13914.0,11,2,626.45,313.225,0
13917.0,49,2,272.04,136.02,0
13918.0,49,2,1212.84,606.4200000000001,0
13919.0,58,2,384.81,192.405,0
13922.0,351,1,172.25,172.25,1
13923.0,53,1,351.13,351.13,0
13924.0,1,6,1838.85,306.475,0
13925.0,92,4,678.25,169.5625,1
13926.0,22,1,223.85,223.85,0
13927.0,74,1,348.99,348.99,0
13928.0,10,4,464.57,116.1425,0
13929.0,168,2,842.65,421.325,1
13930.0,57,2,337.34,168.67,0
13931.0,95,2,1237.53,618.765,1
13932.0,294,1,307.4,307.4,1
13933.0,108,2,608.79,304.395,1
13934.0,263,1,922.1,922.1,1
13936.0,179,1,376.58,376.58,1
13937.0,168,1,158.85,158.85,1
13938.0,34,1,71.66,71.66,0
13939.0,22,3,568.55,189.51666666666665,0
13940.0,16,4,839.14,209.785,0
13941.0,21,5,5112.96,1022.592,0
13946.0,78,3,561.57,187.19000000000003,0
13947.0,64,1,90.6,90.6,0
13948.0,360,1,102.0,102.0,1
13949.0,2,6,2427.32,404.5533333333333,0
13950.0,10,4,745.0600000000001,186.265,0
13951.0,175,3,674.45,224.8166666666667,1
13952.0,217,2,3251.071,1625.5355,1
13953.0,6,7,3515.68,502.24,0
13954.0,1,2,439.92,219.96,0
13955.0,153,2,322.96,161.48,1
13956.0,4,5,1026.42,205.284,0
13959.0,78,3,598.2,199.4,0
13960.0,20,2,230.22,115.11,0
13962.0,21,2,169.54999999999998,84.77499999999999,0
13963.0,307,4,664.54,166.135,1
13967.0,145,1,80.7,80.7,1
13969.0,6,18,9053.94,502.9966666666666,0
13971.0,18,8,2758.26,344.7825,0
13972.0,70,2,190.25,95.125,0
13973.0,286,1,264.7,264.7,1
13974.0,48,1,413.59,413.59,0
13975.0,30,6,2526.28,421.0466666666667,0
13976.0,206,1,357.98,357.98,1
13978.0,14,2,196.79,98.395,0
13979.0,72,1,869.87,869.87,0
13980.0,59,1,200.14,200.14,0
13982.0,38,4,1871.81,467.9525,0
13983.0,29,12,2603.43,216.9525,0
13984.0,26,5,920.51,184.102,0
13985.0,3,15,7060.13,470.67533333333336,0
13986.0,16,1,320.46,320.46,0
13988.0,19,6,4147.96,691.3266666666667,0
13989.0,65,2,1266.08,633.04,0
13990.0,212,1,311.3,311.3,1
13991.0,11,6,855.97,142.66166666666666,0
13992.0,29,1,76.8,76.8,0
13993.0,42,9,3466.36,385.1511111111111,0
13994.0,3,6,2313.14,385.5233333333333,0
13995.0,14,5,1393.69,278.738,0
13999.0,9,12,3901.81,325.1508333333333,0
14000.0,210,1,635.66,635.66,1
14001.0,45,3,2043.08,681.0266666666668,0
14002.0,133,2,529.73,264.865,1
14004.0,42,7,4582.64,654.6628571428572,0
14005.0,9,5,2874.72,574.944,0
14006.0,115,3,962.19,320.73,1
14009.0,197,2,695.61,347.805,1
14012.0,277,1,328.8,328.8,1
14013.0,109,3,473.02,157.67333333333332,1
14014.0,76,1,505.18,505.18,0
14015.0,52,1,917.34,917.34,0
14016.0,161,4,4341.21,1085.3025,1
14019.0,46,3,1421.61,473.87000000000006,0
14020.0,16,2,642.8,321.4,0
14021.0,154,3,631.9,210.63333333333333,1
14022.0,224,1,440.0,440.0,1
14023.0,6,2,584.07,292.035,0
14024.0,121,2,327.7,163.85,1
14027.0,60,1,104.82,104.82,0
14029.0,62,2,467.66,233.83,0
14030.0,17,8,2360.09,295.01125,0
14031.0,6,19,17286.86,909.8347368421051,0
14032.0,1,11,2975.59,270.5081818181818,0
14034.0,21,3,651.8199999999999,217.2733333333333,0
14035.0,28,5,1428.02,285.604,0
14036.0,284,1,626.65,626.65,1
14037.0,175,2,147.20000000000002,73.60000000000001,1
14038.0,77,3,1560.38,520.1266666666667,0
14039.0,32,1,152.2,152.2,0
14040.0,40,12,3614.92,301.24333333333334,0
14041.0,265,1,141.41,141.41,1
14044.0,26,4,652.82,163.205,0
14045.0,108,4,1659.75,414.9375,1
14046.0,283,1,154.99,154.99,1
14047.0,8,5,1308.61,261.72200000000004,0
14048.0,304,1,409.93,409.93,1
14049.0,16,4,5681.72,1420.43,0
14050.0,31,2,746.36,373.18,0
14051.0,0,23,15610.39,678.7126086956522,0
14052.0,19,1,225.36,225.36,0
14053.0,123,2,260.25,130.125,1
14054.0,64,1,92.46,92.46,0
14055.0,105,1,725.6400000000001,725.6400000000001,1
14056.0,0,23,8214.65,357.1586956521739,0
14057.0,23,17,6217.96,365.76235294117646,0
14059.0,266,1,183.6,183.6,1
14060.0,4,19,6140.42,323.18,0
14062.0,9,12,10464.85,872.0708333333333,0
14064.0,28,5,1353.74,270.748,0
14066.0,266,1,152.55,152.55,1
14067.0,63,2,374.7,187.35,0
14068.0,319,1,265.85,265.85,1
14071.0,3,8,1438.82,179.8525,0
14073.0,31,1,151.04,151.04,0
14075.0,4,3,942.26,314.08666666666664,0
14076.0,128,1,122.47,122.47,1
14077.0,40,5,499.42,99.884,0
14078.0,101,6,1049.37,174.89499999999998,1
14079.0,124,1,375.1,375.1,1
14080.0,32,1,45.6,45.6,0
14081.0,301,2,934.52,467.26,1
14082.0,364,1,182.25,182.25,1
14083.0,3,9,1018.43,113.15888888888888,0
14085.0,1,18,4448.54,247.14111111111112,0
14087.0,2,1,194.42,194.42,0
14088.0,9,13,50491.81,3883.9853846153846,0
14089.0,56,1,161.0,161.0,0
14090.0,324,1,76.32000000000001,76.32000000000001,1
14092.0,7,14,4076.91,291.2078571428572,0
14093.0,11,1,442.85,442.85,0
14096.0,3,17,65164.79,3833.222941176471,0
14098.0,36,1,147.35,147.35,0
14099.0,15,11,3104.17,282.1972727272727,0
14100.0,137,1,194.9,194.9,1
14101.0,73,6,5976.79,996.1316666666668,0
14102.0,4,5,1360.28,272.056,0
14104.0,154,2,216.21,108.105,1
14105.0,238,1,1266.23,1266.23,1
14107.0,51,7,2703.23,386.1757142857143,0
14108.0,30,2,597.91,298.955,0
14109.0,72,1,144.2,144.2,0
14110.0,3,12,5683.15,473.5958333333333,0
14111.0,13,4,692.85,173.2125,0
14112.0,22,7,2915.15,416.45,0
14113.0,3,4,1840.42,460.105,0
14114.0,273,2,386.53,193.265,1
14116.0,19,5,1382.74,276.548,0
14117.0,143,1,90.0,90.0,1
14121.0,3,4,2780.15,695.0375,0
14124.0,83,1,419.58,419.58,0
14125.0,10,3,2740.43,913.4766666666666,0
14126.0,7,3,706.1300000000001,235.3766666666667,0
14127.0,122,3,709.71,236.57,1
14128.0,60,2,637.5,318.75,0
14129.0,1,5,1123.86,224.772,0
14130.0,318,1,483.86,483.86,1
14132.0,1,11,3586.03,326.00272727272727,0
14133.0,129,3,605.64,201.88,1
14135.0,1,15,4690.31,312.68733333333336,0
14138.0,1,2,982.38,491.19,0
14139.0,45,1,415.82,415.82,0
14140.0,3,2,935.05,467.525,0
14141.0,2,4,915.13,228.7825,0
14142.0,372,1,311.81,311.81,1
14143.0,133,1,115.8,115.8,1
14145.0,46,4,3742.2,935.55,0
14146.0,8,5,4191.0,838.2,0
14147.0,77,2,483.4,241.7,0
14148.0,233,1,157.2,157.2,1
14149.0,220,1,446.62,446.62,1
14150.0,35,2,658.64,329.32,0
14152.0,74,2,621.29,310.645,0
14154.0,238,2,1345.62,672.81,1
14155.0,265,1,118.75,118.75,1
14156.0,9,55,117379.63,2134.175090909091,0
14157.0,19,2,432.88,216.44,0
14158.0,39,1,507.66,507.66,0
14159.0,19,11,4693.01,426.6372727272728,0
14161.0,215,3,1110.52,370.17333333333335,1
14162.0,173,2,289.36,144.68,1
14163.0,86,4,2445.91,611.4775,0
14164.0,70,2,1631.77,815.885,0
14165.0,275,1,122.54,122.54,1
14167.0,38,4,574.84,143.71,0
14171.0,97,1,363.79,363.79,1
14173.0,10,4,450.84,112.71,0
14174.0,32,1,134.46,134.46,0
14175.0,59,3,3222.3,1074.1,0
14176.0,296,4,576.9000000000001,144.22500000000002,1
14177.0,85,4,559.41,139.8525,0
14178.0,8,7,1620.93,231.5614285714286,0
14179.0,40,2,719.78,359.89,0
14180.0,10,25,4748.52,189.9408,0
14184.0,66,1,452.89,452.89,0
14185.0,330,1,197.65,197.65,1
14188.0,30,6,2054.36,342.3933333333334,0
14189.0,1,15,4654.08,310.272,0
14191.0,1,13,4684.76,360.36615384615385,0
14193.0,67,2,853.39,426.695,0
14194.0,4,21,11349.52,540.4533333333334,0
14195.0,201,2,1012.0,506.0,1
14196.0,106,1,335.52,335.52,1
14198.0,17,4,701.4,175.35,0
14199.0,217,1,185.4,185.4,1
14201.0,59,7,747.44,106.77714285714286,0
14204.0,1,1,161.03,161.03,0
14205.0,16,2,466.7,233.35,0
14206.0,238,1,328.16,328.16,1
14208.0,94,1,151.74,151.74,1
14209.0,10,6,2073.43,345.57166666666666,0
14210.0,105,6,1905.84,317.64000000000004,1
14211.0,52,9,2241.1,249.0111111111111,0
14212.0,89,1,1070.48,1070.48,0
14214.0,30,5,1004.38,200.876,0
14215.0,11,6,1789.72,298.2866666666667,0
14216.0,2,4,1839.3,459.825,0
14217.0,1,17,2004.98,117.94,0
14218.0,42,1,169.48000000000002,169.48000000000002,0
14219.0,3,1,89.94,89.94,0
14220.0,246,2,632.4000000000001,316.20000000000005,1
14221.0,41,9,3432.8,381.4222222222222,0
14222.0,176,1,683.17,683.17,1
14223.0,91,3,991.13,330.37666666666667,1
14224.0,109,4,1050.12,262.53000000000003,1
14226.0,28,5,2232.19,446.438,0
14227.0,25,10,3350.96,335.096,0
14229.0,51,3,1547.2,515.7333333333333,0
14231.0,183,3,925.71,308.57,1
14232.0,42,5,2048.07,409.614,0
14233.0,48,4,1462.72,365.68,0
14234.0,21,4,775.46,193.865,0
14235.0,74,5,3144.86,628.972,0
14236.0,80,2,490.86,245.43,0
14237.0,372,1,161.0,161.0,1
14238.0,325,1,146.85,146.85,1
14239.0,42,11,2380.85,216.4409090909091,0
14240.0,29,2,890.34,445.17,0
14241.0,183,1,213.7,213.7,1
14242.0,234,2,280.55,140.275,1
14243.0,8,10,2588.77,258.877,0
14245.0,219,2,1693.45,846.725,1
14246.0,110,3,1474.06,491.3533333333333,1
14247.0,277,1,136.77,136.77,1
14248.0,317,1,302.58,302.58,1
14250.0,6,3,1904.05,634.6833333333333,0
14251.0,1,5,2879.7000000000003,575.94,0
14256.0,259,2,969.06,484.53,1
14257.0,63,5,3099.7200000000003,619.9440000000001,0
14258.0,8,9,12669.98,1407.7755555555557,0
14259.0,141,1,120.0,120.0,1
14261.0,50,2,1163.45,581.725,0
14262.0,7,8,2618.23,327.27875,0
14264.0,154,2,333.97,166.985,1
14265.0,108,2,530.18,265.09,1
14267.0,162,3,1516.24,505.41333333333336,1
14270.0,331,1,492.65,492.65,1
14271.0,225,1,112.32,112.32,1
14272.0,73,2,437.96,218.98,0
14273.0,50,4,559.97,139.9925,0
14276.0,98,3,1119.74,373.2466666666666,1
14277.0,14,3,4216.2,1405.4,0
14280.0,196,1,134.04,134.04,1
14282.0,2,15,3729.34,248.62266666666667,0
14284.0,30,2,595.25,297.625,0
14285.0,20,4,1910.01,477.5025,0
14286.0,23,3,4628.75,1542.9166666666667,0
14287.0,7,3,176.63,58.876666666666665,0
14288.0,212,1,426.6,426.6,1
14289.0,8,6,911.26,151.8766666666667,0
14290.0,10,5,2314.65,462.93,0
14291.0,1,11,3883.25,353.02272727272725,0
14292.0,7,9,4871.93,541.3255555555556,0
14293.0,2,4,1046.56,261.64,0
14295.0,39,1,166.20000000000002,166.20000000000002,0
14297.0,17,4,1305.33,326.3325,0
14298.0,7,44,51527.3,1171.075,0
14299.0,7,9,3965.62,440.6244444444444,0
14300.0,18,1,43.2,43.2,0
14301.0,116,1,640.14,640.14,1
14304.0,222,1,383.45,383.45,1
14305.0,70,3,1858.96,619.6533333333333,0
14306.0,50,2,2093.32,1046.66,0
14307.0,88,6,2995.7200000000003,499.2866666666667,0
14309.0,7,9,2352.53,261.39222222222224,0
14311.0,242,1,310.26,310.26,1
14312.0,46,6,1611.59,268.59833333333336,0
14314.0,106,1,120.0,120.0,1
14315.0,44,6,2481.13,413.5216666666667,0
14317.0,64,1,508.58,508.58,0
14320.0,206,2,477.79,238.895,1
14321.0,10,5,1530.75,306.15,0
14323.0,114,2,605.0600000000001,302.53000000000003,1
14326.0,241,1,183.85,183.85,1
14327.0,162,1,311.65000000000003,311.65000000000003,1
14329.0,16,7,5014.84,716.4057142857143,0
14331.0,123,2,462.66,231.33,1
14332.0,22,3,866.3100000000001,288.77000000000004,0
14333.0,67,1,415.2,415.2,0
14334.0,16,8,2552.21,319.02625,0
14335.0,15,2,468.26,234.13,0
14336.0,16,4,1614.91,403.7275,0
14338.0,160,2,588.22,294.11,1
14339.0,242,1,309.52000000000004,309.52000000000004,1
14340.0,218,1,134.7,134.7,1
14341.0,44,8,2182.28,272.785,0
14342.0,20,4,668.5600000000001,167.14,0
14344.0,126,8,889.9300000000001,111.24125,1
14345.0,38,1,108.98,108.98,0
14346.0,120,2,1021.58,510.79,1
14348.0,259,1,409.57,409.57,1
14349.0,9,1,133.5,133.5,0
14350.0,273,1,282.93,282.93,1
14351.0,164,1,51.0,51.0,1
14352.0,156,4,1078.96,269.74,1
14353.0,214,1,90.6,90.6,1
14354.0,5,2,163.62,81.81,0
14355.0,365,1,174.4,174.4,1
14356.0,79,2,701.23,350.615,0
14357.0,42,1,225.77,225.77,0
14359.0,18,3,912.18,304.06,0
14360.0,31,4,2128.23,532.0575,0
14362.0,21,1,161.2,161.2,0
14364.0,108,8,3717.35,464.66875,1
14367.0,7,16,9261.52,578.845,0
14368.0,319,1,155.0,155.0,1
14371.0,294,1,100.5,100.5,1
14373.0,357,1,76.55,76.55,1
14375.0,184,1,257.68,257.68,1
14377.0,190,2,617.05,308.525,1
14379.0,43,2,348.1,174.05,0
14381.0,51,1,202.68,202.68,0
14382.0,25,1,626.07,626.07,0
14383.0,37,3,1247.69,415.8966666666667,0
14385.0,8,3,202.11,67.36999999999999,0
14386.0,296,1,142.4,142.4,1
14387.0,32,3,1770.56,590.1866666666666,0
14388.0,9,8,3212.84,401.605,0
14389.0,64,2,1043.46,521.73,0
14390.0,9,9,4652.82,516.98,0
14393.0,217,1,67.95,67.95,1
14395.0,1,9,3507.71,389.74555555555554,0
14396.0,64,2,487.99,243.995,0
14397.0,2,19,2612.96,137.52421052631578,0
14400.0,148,1,574.7,574.7,1
14401.0,3,13,4051.48,311.6523076923077,0
14403.0,129,4,1475.81,368.9525,1
14404.0,33,6,1474.32,245.72,0
14406.0,118,1,156.75,156.75,1
14407.0,106,6,2157.73,359.62166666666667,1
14408.0,10,7,2606.53,372.3614285714286,0
14409.0,70,6,2059.4500000000003,343.2416666666668,0
14410.0,91,9,1105.07,122.78555555555556,1
14411.0,310,1,1063.0,1063.0,1
14412.0,42,2,770.03,385.015,0
14413.0,361,1,122.7,122.7,1
14414.0,91,7,1496.98,213.8542857142857,1
14415.0,0,13,5900.28,453.86769230769227,0
14416.0,21,2,490.22,245.11,0
14418.0,3,3,1937.25,645.75,0
14419.0,10,6,1058.06,176.34333333333333,0
14420.0,98,1,387.52,387.52,1
14421.0,56,2,813.11,406.555,0
14422.0,0,6,4263.64,710.6066666666667,0
14423.0,217,1,265.2,265.2,1
14424.0,17,1,322.08,322.08,0
14426.0,23,10,4481.67,448.167,0
14427.0,49,2,363.34,181.67,0
14428.0,6,5,1244.83,248.966,0
14431.0,302,1,470.36,470.36,1
14432.0,9,6,2255.51,375.91833333333335,0
14434.0,21,6,1372.8,228.8,0
14436.0,98,1,89.06,89.06,1
14437.0,365,1,63.0,63.0,1
14438.0,305,1,131.9,131.9,1
14439.0,319,1,2661.24,2661.24,1
14440.0,7,5,2357.68,471.536,0
14441.0,0,4,1712.89,428.2225,0
14442.0,204,2,1589.82,794.91,1
14443.0,53,4,1420.2,355.05,0
14446.0,0,4,1039.58,259.895,0
14447.0,18,5,1163.23,232.646,0
14448.0,8,2,375.35,187.675,0
14449.0,18,4,907.1,226.775,0
14450.0,180,3,483.25,161.08333333333334,1
14451.0,59,2,662.59,331.295,0
14452.0,10,2,264.44,132.22,0
14453.0,189,1,119.93,119.93,1
14456.0,4,9,3062.4,340.26666666666665,0
14457.0,310,1,113.64,113.64,1
14459.0,154,1,1837.92,1837.92,1
14460.0,109,3,434.34,144.78,1
14461.0,147,3,2103.06,701.02,1
14462.0,65,11,2004.02,182.1836363636364,0
14463.0,97,3,529.62,176.54,1
14465.0,246,3,1058.62,352.8733333333334,1
14466.0,28,7,2272.4,324.62857142857143,0
14467.0,17,4,598.76,149.69,0
14470.0,11,2,461.19,230.595,0
14472.0,103,8,1936.84,242.105,1
14473.0,73,2,234.34,117.17,0
14474.0,45,1,547.66,547.66,0
14475.0,71,3,925.85,308.6166666666667,0
14476.0,256,1,215.7,215.7,1
14477.0,19,4,1309.6,327.4,0
14479.0,253,2,316.25,158.125,1
14480.0,10,1,279.05,279.05,0
14481.0,164,2,636.51,318.255,1
14482.0,17,6,2068.15,344.69166666666666,0
14483.0,281,1,137.1,137.1,1
14484.0,49,1,321.92,321.92,0
14485.0,38,1,165.75,165.75,0
14487.0,26,6,1196.33,199.3883333333333,0
14488.0,67,1,1064.28,1064.28,0
14489.0,206,1,463.38,463.38,1
14491.0,174,2,340.93,170.465,1
14493.0,6,5,2383.24,476.648,0
14494.0,25,1,139.56,139.56,0
14495.0,50,2,123.8,61.900000000000006,0
14496.0,311,2,538.8100000000001,269.40500000000003,1
14497.0,308,1,475.37,475.37,1
14498.0,42,5,1957.32,391.464,0
14499.0,25,3,815.32,271.77333333333337,0
14500.0,87,3,356.85,118.95,0
14501.0,183,2,251.21,125.605,1
14502.0,19,11,2470.67,224.60636363636365,0
14503.0,2,6,3543.26,590.5433333333334,0
14504.0,46,4,673.26,168.315,0
14505.0,16,8,5905.64,738.205,0
14506.0,16,5,2012.17,402.434,0
14507.0,23,6,1383.18,230.53,0
14508.0,21,2,276.42,138.21,0
14511.0,10,5,1314.81,262.962,0
14512.0,187,2,275.28,137.64,1
14513.0,100,3,455.59,151.86333333333334,1
14514.0,60,3,1055.35,351.7833333333333,0
14515.0,17,6,2102.09,350.34833333333336,0
14517.0,32,2,330.45,165.225,0
14518.0,63,1,174.37,174.37,0
14520.0,1,2,270.6,135.3,0
14522.0,23,4,974.54,243.635,0
14523.0,107,1,241.09,241.09,1
14524.0,31,9,1867.68,207.52,0
14525.0,19,9,4332.2,481.3555555555556,0
14527.0,2,55,8508.82,154.7058181818182,0
14528.0,36,1,364.22,364.22,0
14529.0,59,3,620.04,206.68,0
14530.0,25,6,2925.91,487.6516666666666,0
14532.0,235,4,932.85,233.2125,1
14533.0,24,7,1949.72,278.5314285714286,0
14534.0,2,18,4447.05,247.0583333333333,0
14535.0,59,3,2864.19,954.73,0
14536.0,259,1,171.8,171.8,1
14537.0,57,1,355.56,355.56,0
14538.0,64,2,388.25,194.125,0
14539.0,15,2,537.48,268.74,0
14540.0,9,3,996.26,332.08666666666664,0
14541.0,58,8,1461.65,182.70625,0
14542.0,185,1,103.25,103.25,1
14543.0,28,16,3630.33,226.895625,0
14544.0,23,2,2024.45,1012.225,0
14546.0,4,5,2578.09,515.618,0
14547.0,3,8,4007.54,500.9425,0
14548.0,150,2,652.8,326.4,1
14549.0,310,1,289.24,289.24,1
14550.0,10,2,765.62,382.81,0
14551.0,17,2,186.23,93.115,0
14552.0,151,1,165.07,165.07,1
14553.0,18,5,859.27,171.85399999999998,0
14554.0,9,4,2381.04,595.26,0
14555.0,56,2,324.14,162.07,0
14557.0,84,1,788.38,788.38,0
14560.0,6,22,2237.77,101.71681818181818,0
14561.0,75,3,1080.76,360.25333333333333,0
14562.0,3,18,5074.77,281.9316666666667,0
14565.0,95,4,3099.12,774.78,1
14566.0,110,1,1432.0,1432.0,1
14567.0,56,2,1530.36,765.1800000000001,0
14569.0,0,1,227.39,227.39,0
14570.0,280,2,218.06,109.03,1
14572.0,2,7,2832.84,404.6914285714286,0
14573.0,179,9,1653.42,183.7133333333333,1
14576.0,371,1,35.400000000000006,35.400000000000006,1
14577.0,12,4,859.71,214.9275,0
14578.0,2,1,168.63,168.63,0
14581.0,16,1,138.6,138.6,0
14582.0,40,1,114.11,114.11,0
14583.0,5,5,1052.55,210.51,0
14584.0,168,4,1042.26,260.565,1
14585.0,49,1,157.05,157.05,0
14586.0,276,1,237.36,237.36,1
14587.0,18,9,1601.14,177.9044444444445,0
14589.0,371,1,39.75,39.75,1
14591.0,14,4,1447.14,361.785,0
14592.0,34,3,570.46,190.1533333333333,0
14593.0,21,3,617.99,205.99666666666667,0
14594.0,6,2,379.83,189.915,0
14595.0,19,6,1740.6,290.1,0
14597.0,10,2,883.15,441.575,0
14598.0,43,1,221.97,221.97,0
14600.0,305,1,393.33,393.33,1
14601.0,10,1,213.96,213.96,0
14603.0,274,1,660.0,660.0,1
14606.0,0,93,12156.65,130.71666666666667,0
14607.0,15,14,16569.5,1183.5357142857142,0
14608.0,3,4,1785.15,446.2875,0
14609.0,71,4,601.56,150.39,0
14616.0,242,3,406.08,135.36,1
14618.0,8,3,553.44,184.48,0
14619.0,245,1,394.44,394.44,1
14620.0,205,2,412.78,206.39,1
14621.0,0,5,1788.36,357.672,0
14622.0,184,1,320.58000000000004,320.58000000000004,1
14623.0,31,5,889.25,177.85,0
14624.0,56,2,225.85,112.925,0
14625.0,195,2,899.63,449.815,1
14626.0,23,4,2791.27,697.8175,0
14628.0,90,2,671.96,335.98,0
14629.0,3,2,959.01,479.505,0
14631.0,50,3,1006.98,335.66,0
14632.0,262,1,114.56,114.56,1
14633.0,265,1,344.90000000000003,344.90000000000003,1
14636.0,35,2,609.85,304.925,0
14638.0,50,1,443.6,443.6,0
14639.0,51,6,2984.49,497.415,0
14640.0,23,6,2125.08,354.18,0
14641.0,21,1,110.46,110.46,0
14642.0,58,1,96.12,96.12,0
14643.0,169,2,693.8100000000001,346.90500000000003,1
14644.0,67,2,830.76,415.38,0
14645.0,156,2,597.09,298.545,1
14646.0,1,73,280206.02,3838.4386301369855,0
14647.0,200,1,243.22,243.22,1
14649.0,4,4,1417.29,354.3225,0
14651.0,66,2,654.6,327.3,0
14652.0,76,1,114.18,114.18,0
14653.0,0,7,1947.55,278.2214285714286,0
14655.0,7,4,1932.23,483.0575,0
14656.0,168,2,291.05,145.525,1
14657.0,17,4,848.22,212.055,0
14658.0,4,2,247.15,123.575,0
14659.0,8,9,2529.93,281.1033333333333,0
14660.0,86,2,285.74,142.87,0
14661.0,26,1,107.95,107.95,0
14662.0,28,4,771.17,192.7925,0
14664.0,19,2,637.89,318.945,0
14665.0,60,5,1835.7,367.14,0
14666.0,23,1,195.25,195.25,0
14667.0,10,25,9241.2,369.648,0
14669.0,241,3,1269.99,423.33,1
14670.0,279,2,411.53,205.765,1
14672.0,234,2,765.5500000000001,382.775,1
14673.0,2,5,1736.4,347.28000000000003,0
14675.0,15,1,604.75,604.75,0
14676.0,30,6,2548.24,424.7066666666667,0
14680.0,24,16,28754.11,1797.131875,0
14681.0,70,3,498.95,166.31666666666666,0
14682.0,187,2,52.0,26.0,1
14684.0,25,5,1236.28,247.256,0
14687.0,106,1,628.38,628.38,1
14688.0,7,21,5630.87,268.13666666666666,0
14689.0,208,1,112.8,112.8,1
14690.0,43,2,371.7,185.85,0
14691.0,30,5,2114.33,422.866,0
14692.0,136,4,591.55,147.8875,1
14693.0,264,1,172.9,172.9,1
14696.0,3,7,2078.95,296.99285714285713,0
14697.0,217,2,188.61,94.305,1
14698.0,1,5,1250.76,250.152,0
14699.0,213,1,109.13,109.13,1
14700.0,31,3,2235.3,745.1,0
14701.0,10,9,2549.37,283.2633333333333,0
14702.0,0,17,3292.14,193.65529411764703,0
14703.0,14,1,318.17,318.17,0
14704.0,10,9,1546.91,171.8788888888889,0
14705.0,198,1,179.0,179.0,1
14708.0,2,3,1126.37,375.4566666666667,0
14709.0,14,13,4921.04,378.5415384615384,0
14710.0,13,4,606.13,151.5325,0
14711.0,9,11,2868.8,260.8,0
14712.0,28,3,917.07,305.69,0
14713.0,8,11,2666.36,242.39636363636365,0
14714.0,23,1,160.19,160.19,0
14715.0,24,4,867.38,216.845,0
14716.0,42,2,329.68,164.84,0
14719.0,1,5,1602.13,320.42600000000004,0
14720.0,5,3,663.81,221.27,0
14722.0,146,1,187.92,187.92,1
14723.0,9,6,1158.3,193.05,0
14725.0,24,1,718.08,718.08,0
14727.0,273,1,268.58,268.58,1
14729.0,373,1,313.49,313.49,1
14730.0,0,8,2005.06,250.6325,0
14731.0,46,3,380.02,126.67333333333332,0
14732.0,7,8,2702.49,337.81125000000003,0
14733.0,15,12,9585.91,798.8258333333333,0
14735.0,3,32,6065.6900000000005,189.5528125,0
14737.0,3,3,1164.55,388.1833333333333,0
14738.0,42,7,1314.45,187.77857142857144,0
14739.0,3,7,3902.28,557.4685714285714,0
14740.0,196,3,1448.21,482.7366666666667,1
14741.0,11,6,1400.34,233.39,0
14744.0,15,7,1099.98,157.14,0
14745.0,112,5,1220.26,244.052,1
14747.0,248,1,328.2,328.2,1
14748.0,28,5,1415.75,283.15,0
14752.0,43,1,389.64,389.64,0
14753.0,86,1,563.15,563.15,0
14754.0,44,2,638.05,319.025,0
14755.0,9,11,5010.28,455.48,0
14756.0,14,1,738.96,738.96,0
14757.0,74,1,420.5,420.5,0
14758.0,144,4,1484.06,371.015,1
14759.0,4,3,1625.97,541.99,0
14760.0,296,1,89.2,89.2,1
14761.0,58,2,255.9,127.95,0
14762.0,263,1,300.52,300.52,1
14764.0,46,1,278.3,278.3,0
14765.0,28,3,254.11,84.70333333333333,0
14766.0,7,6,2473.37,412.2283333333333,0
14768.0,16,2,192.6,96.3,0
14769.0,2,8,10674.75,1334.34375,0
14770.0,231,2,876.4200000000001,438.21,1
14772.0,111,1,139.26,139.26,1
14775.0,57,3,1011.9,337.3,0
14776.0,50,11,2538.3,230.75454545454545,0
14778.0,126,2,730.86,365.43,1
14779.0,280,3,386.15,128.71666666666667,1
14780.0,54,2,447.68,223.84,0
14782.0,319,1,200.1,200.1,1
14784.0,25,2,289.99,144.995,0
14785.0,9,2,77.4,38.7,0
14788.0,6,2,679.44,339.72,0
14789.0,28,1,197.64,197.64,0
14790.0,16,4,745.06,186.265,0
14792.0,63,1,6.2,6.2,0
14793.0,20,1,228.99,228.99,0
14794.0,2,7,1319.91,188.55857142857144,0
14795.0,165,1,131.45000000000002,131.45000000000002,1
14796.0,0,17,8022.49,471.9111764705882,0
14798.0,52,3,173.74,57.91333333333333,0
14799.0,50,1,157.7,157.7,0
14800.0,47,12,4339.74,361.645,0
14801.0,60,1,193.14,193.14,0
14803.0,161,3,845.5500000000001,281.85,1
14804.0,8,1,353.27,353.27,0
14805.0,14,4,554.65,138.6625,0
14806.0,74,1,193.39,193.39,0
14808.0,39,8,2741.17,342.64625,0
14810.0,40,11,2087.88,189.80727272727276,0
14813.0,369,2,155.43,77.715,1
14815.0,36,2,778.5,389.25,0
14816.0,196,1,271.85,271.85,1
14817.0,199,2,1110.34,555.17,1
14818.0,73,3,657.8,219.26666666666665,0
14819.0,63,2,272.07,136.035,0
14820.0,20,4,507.29,126.8225,0
14821.0,366,1,48.8,48.8,1
14823.0,179,3,321.43,107.14333333333332,1
14824.0,9,4,1127.71,281.9275,0
14825.0,3,12,2226.9100000000003,185.57583333333332,0
14828.0,196,3,2139.76,713.2533333333334,1
14829.0,28,4,697.55,174.3875,0
14830.0,52,1,197.13,197.13,0
14834.0,17,6,1720.3,286.71666666666664,0
14836.0,9,3,102.45,34.15,0
14837.0,89,4,1649.5,412.375,0
14840.0,267,1,62.85,62.85,1
14841.0,52,6,3295.76,549.2933333333334,0
14842.0,43,4,2824.69,706.1725,0
14844.0,63,4,3189.81,797.4525,0
14847.0,148,1,309.40000000000003,309.40000000000003,1
14849.0,21,25,7930.54,317.2216,0
14850.0,311,1,325.75,325.75,1
14851.0,22,2,511.35,255.675,0
14852.0,57,6,2836.69,472.7816666666667,0
14853.0,23,2,475.8,237.9,0
14854.0,77,7,2759.83,394.26142857142855,0
14855.0,118,2,645.65,322.825,1
14856.0,35,3,1311.38,437.1266666666667,0
14857.0,59,2,1173.12,586.5600000000001,0
14859.0,12,4,1353.74,338.435,0
14860.0,18,1,170.32,170.32,0
14861.0,51,1,125.79,125.79,0
14862.0,25,2,841.2,420.6,0
14863.0,28,1,266.76,266.76,0
14865.0,6,2,52.2,26.1,0
14866.0,10,12,14389.9,1199.1583333333333,0
14867.0,185,3,710.28,236.76,1
14868.0,2,8,2953.59,369.19875,0
14869.0,8,2,725.7,362.85,0
14870.0,261,1,327.25,327.25,1
14871.0,2,4,522.38,130.595,0
14873.0,209,1,519.68,519.68,1
14875.0,107,2,1465.32,732.66,1
14878.0,12,9,1485.54,165.06,0
14880.0,76,3,706.19,235.39666666666668,0
14881.0,19,1,255.4,255.4,0
14882.0,26,2,589.7,294.85,0
14883.0,18,6,761.59,126.93166666666669,0
14885.0,131,1,765.3199999999999,765.3199999999999,1
14886.0,252,1,364.8,364.8,1
14887.0,78,1,1862.0,1862.0,0
14888.0,206,1,369.2,369.2,1
14889.0,335,1,135.9,135.9,1
14890.0,253,1,125.65,125.65,1
14891.0,147,2,554.38,277.19,1
14893.0,9,2,1237.85,618.9250000000001,0
14894.0,84,1,655.75,655.75,0
14895.0,7,20,11138.71,556.9355,0
14896.0,204,2,468.77,234.385,1
14897.0,7,4,1366.38,341.595,0
14898.0,22,6,1303.52,217.25333333333333,0
14901.0,10,9,1421.29,157.92111111111112,0
14902.0,25,1,332.66,332.66,0
14903.0,20,5,2810.63,562.126,0
14904.0,1,2,1025.44,512.72,0
14905.0,157,2,616.15,308.075,1
14907.0,2,7,3501.1,500.1571428571429,0
14908.0,73,1,277.8,277.8,0
14910.0,2,4,434.35,108.5875,0
14911.0,0,201,143825.06,715.5475621890547,0
14912.0,16,2,867.85,433.925,0
14913.0,35,4,1227.43,306.8575,0
14915.0,90,2,307.48,153.74,0
14916.0,70,4,1268.98,317.245,0
14918.0,115,2,1610.15,805.075,1
14920.0,212,2,977.77,488.885,1
14921.0,29,2,1316.07,658.035,0
14923.0,50,1,749.1,749.1,0
14924.0,245,1,310.05,310.05,1
14929.0,31,1,223.88,223.88,0
14930.0,108,3,2372.86,790.9533333333334,1
14931.0,4,5,1257.68,251.536,0
14932.0,365,1,363.53,363.53,1
14934.0,81,2,1890.94,945.47,0
14935.0,296,1,1784.71,1784.71,1
14936.0,33,8,8137.02,1017.1275,0
14937.0,56,3,1621.88,540.6266666666667,0
14944.0,29,12,5900.25,491.6875,0
14946.0,13,1,100.9,100.9,0
14947.0,71,2,290.82,145.41,0
14948.0,22,6,1101.97,183.66166666666663,0
14950.0,18,1,371.2,371.2,0
14951.0,78,1,311.69,311.69,0
14952.0,59,11,8099.49,736.3172727272727,0
14953.0,24,1,289.82,289.82,0
14954.0,11,1,336.17,336.17,0
14957.0,252,1,58.49,58.49,1
14958.0,146,3,499.68,166.56,1
14959.0,63,4,695.42,173.855,0
14960.0,7,2,221.27,110.635,0
14961.0,10,9,7044.68,782.7422222222223,0
14962.0,270,1,126.7,126.7,1
14963.0,9,5,1487.8,297.56,0
14964.0,246,1,206.21,206.21,1
14965.0,95,2,599.0,299.5,1
14966.0,14,1,191.32,191.32,0
14967.0,49,1,463.8,463.8,0
14968.0,29,1,147.59,147.59,0
14970.0,67,4,1592.06,398.015,0
14971.0,34,3,1116.57,372.19,0
14972.0,127,1,114.77,114.77,1
14973.0,106,3,1314.45,438.15,1
14974.0,36,1,114.39,114.39,0
14975.0,56,1,279.94,279.94,0
14976.0,56,7,790.86,112.98,0
14978.0,71,5,1931.42,386.284,0
14981.0,245,1,102.12,102.12,1
14984.0,18,2,213.27,106.635,0
14985.0,197,2,296.75,148.375,1
14987.0,15,2,326.4,163.2,0
14988.0,211,1,334.54,334.54,1
14995.0,38,2,233.23,116.615,0
14997.0,45,3,546.1999999999999,182.06666666666663,0
14998.0,169,2,429.87,214.935,1
15000.0,47,1,490.52,490.52,0
15002.0,115,4,1641.76,410.44,1
15004.0,146,1,1246.32,1246.32,1
15005.0,15,28,6316.57,225.5917857142857,0
15006.0,50,1,502.09,502.09,0
15007.0,158,1,156.91,156.91,1
15009.0,11,3,1261.78,420.5933333333333,0
15010.0,35,1,308.94,308.94,0
15012.0,53,2,423.04,211.52,0
15014.0,42,2,260.17,130.085,0
15016.0,172,1,170.04,170.04,1
15017.0,33,1,125.58,125.58,0
15018.0,38,3,496.21,165.40333333333334,0
15019.0,266,1,266.0,266.0,1
15021.0,8,9,1914.82,212.75777777777776,0
15022.0,11,4,905.04,226.26,0
15023.0,2,11,6802.76,618.4327272727273,0
15024.0,9,10,1661.33,166.13299999999998,0
15025.0,32,1,377.01,377.01,0
15026.0,79,3,469.0,156.33333333333334,0
15027.0,30,4,1066.15,266.5375,0
15028.0,7,4,627.13,156.7825,0
15030.0,71,2,518.28,259.14,0
15031.0,3,4,668.14,167.035,0
15032.0,255,3,4959.1,1653.0333333333335,1
15033.0,4,10,2586.67,258.66700000000003,0
15034.0,15,8,4308.61,538.57625,0
15035.0,89,1,252.73,252.73,0
15036.0,71,3,465.55,155.18333333333334,0
15038.0,58,6,705.49,117.58166666666666,0
15039.0,9,47,19914.44,423.7114893617021,0
15041.0,169,1,180.35,180.35,1
15042.0,198,1,135.93,135.93,1
15043.0,30,1,537.0,537.0,0
15044.0,18,17,7700.23,452.954705882353,0
15045.0,151,2,735.66,367.83,1
15046.0,8,15,5213.77,347.58466666666664,0
15047.0,269,1,343.62,343.62,1
15048.0,64,4,384.05,96.0125,0
15049.0,273,1,121.17000000000002,121.17000000000002,1
15050.0,24,3,1782.09,594.03,0
15051.0,22,3,1391.61,463.87,0
15052.0,318,1,215.78,215.78,1
15053.0,4,3,697.79,232.59666666666664,0
15054.0,11,2,302.1,151.05,0
15057.0,274,2,1489.5,744.75,1
15058.0,24,11,2124.99,193.18090909090907,0
15059.0,40,9,1337.72,148.63555555555556,0
15060.0,7,4,303.09000000000003,75.77250000000001,0
15061.0,3,48,54534.14,1136.1279166666666,0
15062.0,70,4,987.86,246.965,0
15063.0,212,1,370.8,370.8,1
15065.0,37,4,3158.13,789.5325,0
15066.0,52,1,893.59,893.59,0
15067.0,77,3,1744.76,581.5866666666667,0
15068.0,45,2,553.36,276.68,0
15069.0,178,1,1109.53,1109.53,1
15070.0,372,1,106.2,106.2,1
15071.0,93,2,982.07,491.035,1
15073.0,9,3,1043.41,347.80333333333334,0
15074.0,104,1,748.87,748.87,1
15075.0,77,1,773.03,773.03,0
15076.0,172,1,880.85,880.85,1
15078.0,6,32,9743.11,304.4721875,0
15079.0,212,4,895.61,223.9025,1
15081.0,21,5,504.8,100.96,0
15083.0,256,1,88.2,88.2,1
15087.0,281,1,306.94,306.94,1
15088.0,20,2,1160.07,580.035,0
15089.0,9,6,2420.84,403.47333333333336,0
15090.0,307,1,381.32,381.32,1
15091.0,67,1,480.71,480.71,0
15092.0,214,2,457.81,228.905,1
15093.0,17,6,4597.02,766.1700000000001,0
15095.0,103,4,1370.6,342.65000000000003,1
15096.0,42,1,219.39,219.39,0
15097.0,3,1,248.08,248.08,0
15098.0,181,3,39916.5,13305.5,1
15099.0,83,1,410.48,410.48,0
15100.0,333,3,876.0,292.0,1
15101.0,8,2,317.53000000000003,158.765,0
15103.0,30,2,703.36,351.68,0
15104.0,196,2,1027.44,513.72,1
15105.0,17,7,2298.93,328.4185714285714,0
15106.0,17,5,1422.52,284.504,0
15107.0,310,6,319.5,53.25,1
15108.0,141,4,1300.25,325.0625,1
15109.0,245,1,484.95,484.95,1
15110.0,23,4,996.1,249.025,0
15111.0,28,3,1567.48,522.4933333333333,0
15113.0,9,3,3609.33,1203.11,0
15114.0,29,10,2760.56,276.056,0
15115.0,17,1,340.11,340.11,0
15116.0,17,4,1352.75,338.1875,0
15117.0,14,5,1551.78,310.356,0
15118.0,133,1,244.8,244.8,1
15119.0,245,1,266.4,266.4,1
15120.0,133,1,358.82,358.82,1
15121.0,49,2,457.72,228.86,0
15122.0,113,3,1633.78,544.5933333333334,1
15123.0,6,2,2199.31,1099.655,0
15124.0,22,2,184.19,92.095,0
15125.0,24,15,11528.48,768.5653333333333,0
15127.0,65,1,406.53,406.53,0
15128.0,59,4,1471.0,367.75,0
15129.0,49,11,3447.4,313.40000000000003,0
15130.0,169,1,330.11,330.11,1
15132.0,17,5,977.93,195.586,0
15133.0,127,3,982.42,327.4733333333333,1
15134.0,14,8,1387.99,173.49875,0
15135.0,238,1,139.05,139.05,1
15136.0,2,4,1286.7,321.675,0
15139.0,239,2,178.96,89.48,1
15140.0,51,7,2354.25,336.32142857142856,0
15142.0,45,1,498.74,498.74,0
15143.0,225,1,259.45,259.45,1
15144.0,7,17,6580.4400000000005,387.084705882353,0
15145.0,3,4,1194.73,298.6825,0
15146.0,164,2,1327.16,663.58,1
15147.0,239,1,623.5,623.5,1
15148.0,10,1,301.29,301.29,0
15149.0,133,1,520.8000000000001,520.8000000000001,1
15150.0,16,10,5314.47,531.447,0
15152.0,9,13,4745.69,365.0530769230769,0
15153.0,30,1,329.25,329.25,0
15154.0,74,1,296.42,296.42,0
15156.0,0,3,961.49,320.49666666666667,0
15157.0,3,3,1936.07,645.3566666666667,0
15158.0,44,1,401.4,401.4,0
15159.0,1,30,18641.01,621.3670000000001,0
15160.0,356,1,158.16,158.16,1
15163.0,17,2,304.47,152.235,0
15164.0,68,3,843.05,281.01666666666665,0
15165.0,372,1,487.75,487.75,1
15167.0,320,1,163.0,163.0,1
15168.0,25,1,106.56,106.56,0
15171.0,330,1,1289.5,1289.5,1
15172.0,8,5,1624.05,324.81,0
15174.0,322,1,135.75,135.75,1
15175.0,71,1,224.14,224.14,0
15178.0,259,1,40.5,40.5,1
15179.0,17,5,2206.9500000000003,441.39,0
15180.0,366,1,87.5,87.5,1
15181.0,65,3,689.48,229.82666666666668,0
15182.0,153,2,622.85,311.425,1
15184.0,28,2,406.76,203.38,0
15185.0,69,1,310.62,310.62,0
15186.0,13,2,411.41,205.705,0
15187.0,1,16,4777.18,298.57375,0
15189.0,0,41,16225.39,395.74121951219513,0
15192.0,119,3,1044.32,348.1066666666666,1
15193.0,60,1,499.32,499.32,0
15194.0,2,15,7616.53,507.76866666666666,0
15195.0,2,1,3861.0,3861.0,0
15197.0,10,3,1079.61,359.86999999999995,0
15198.0,91,2,193.64,96.82,1
15199.0,58,4,1268.7,317.175,0
15201.0,86,5,1236.54,247.308,0
15203.0,25,6,1827.8,304.6333333333333,0
15204.0,356,1,316.58,316.58,1
15205.0,84,2,653.24,326.62,0
15206.0,9,4,420.3,105.075,0
15208.0,0,5,870.12,174.024,0
15210.0,224,1,331.18,331.18,1
15211.0,59,2,894.4100000000001,447.205,0
15212.0,240,1,101.8,101.8,1
15213.0,318,2,328.35,164.175,1
15214.0,1,8,1661.44,207.68,0
15215.0,46,3,734.94,244.98,0
15216.0,87,1,96.6,96.6,0
15218.0,10,11,5756.89,523.3536363636364,0
15219.0,175,1,305.75,305.75,1
15220.0,51,6,1778.96,296.49333333333334,0
15221.0,365,1,403.25,403.25,1
15222.0,318,1,585.0,585.0,1
15223.0,225,2,755.75,377.875,1
15224.0,357,2,322.08,161.04,1
15225.0,233,1,409.4,409.4,1
15226.0,310,1,154.41,154.41,1
15227.0,36,5,1219.4,243.88,0
15228.0,65,4,3386.71,846.6775,0
15230.0,238,2,429.6,214.8,1
15232.0,112,2,612.06,306.03,1
15234.0,276,1,197.0,197.0,1
15235.0,217,12,2247.51,187.2925,1
15236.0,298,1,321.05,321.05,1
15237.0,1,4,1412.32,353.08,0
15238.0,28,3,1071.99,357.33,0
15239.0,9,2,780.59,390.295,0
15240.0,44,5,1706.57,341.314,0
15241.0,66,8,1756.44,219.555,0
15243.0,73,1,316.68,316.68,0
15244.0,64,2,631.57,315.785,0
15245.0,133,3,2515.84,838.6133333333333,1
15246.0,237,2,514.15,257.075,1
15247.0,121,1,356.0,356.0,1
15249.0,31,13,6688.46,514.496923076923,0
15251.0,8,11,10484.99,953.180909090909,0
15252.0,35,2,740.78,370.39,0
15253.0,15,5,918.2,183.64,0
15254.0,126,1,300.36,300.36,1
15255.0,66,1,890.85,890.85,0
15256.0,148,1,98.45,98.45,1
15257.0,282,1,317.15,317.15,1
15258.0,168,2,623.16,311.58,1
15260.0,99,7,1810.77,258.68142857142857,1
15261.0,134,1,254.82,254.82,1
15262.0,323,1,178.95000000000002,178.95000000000002,1
15263.0,106,1,156.51,156.51,1
15264.0,63,1,393.74,393.74,0
15265.0,150,2,1506.12,753.0600000000001,1
15266.0,337,1,119.3,119.3,1
15267.0,21,5,1717.36,343.472,0
15269.0,23,1,408.8,408.8,0
15270.0,15,7,2379.49,339.9271428571428,0
15271.0,6,15,2507.07,167.138,0
15272.0,56,2,721.94,360.97,0
15274.0,3,2,716.57,358.285,0
15275.0,37,1,615.14,615.14,0
15276.0,65,1,135.31,135.31,0
15277.0,46,1,255.9,255.9,0
15279.0,354,1,290.51,290.51,1
15280.0,171,1,113.12,113.12,1
15281.0,58,9,2332.15,259.1277777777778,0
15286.0,49,1,240.55,240.55,0
15287.0,21,2,486.69,243.345,0
15288.0,42,5,2306.52,461.304,0
15289.0,28,3,939.78,313.26,0
15290.0,4,18,7943.22,441.29,0
15291.0,25,15,4668.3,311.22,0
15292.0,200,1,180.94,180.94,1
15296.0,50,6,3672.86,612.1433333333333,0
15297.0,9,3,641.94,213.98,0
15298.0,1,12,4799.9,399.9916666666666,0
15299.0,66,7,4507.01,643.8585714285715,0
15300.0,63,1,496.44,496.44,0
15301.0,50,12,5070.35,422.5291666666667,0
15303.0,289,1,574.02,574.02,1
15304.0,60,8,694.4,86.8,0
15306.0,63,3,1174.35,391.4500000000001,0
15307.0,95,1,205.3,205.3,1
15308.0,273,1,310.47,310.47,1
15311.0,0,91,60767.9,667.7791208791209,0
15312.0,74,4,924.85,231.2125,0
15313.0,109,1,52.0,52.0,1
15314.0,198,1,327.97,327.97,1
15315.0,63,2,570.5,285.25,0
15316.0,326,1,165.0,165.0,1
15318.0,3,1,312.62,312.62,0
15319.0,283,1,204.5,204.5,1
15320.0,43,1,267.13,267.13,0
15321.0,70,3,2748.31,916.1033333333334,0
15322.0,85,1,679.68,679.68,0
15325.0,103,1,162.29,162.29,1
15326.0,333,1,311.71,311.71,1
15327.0,52,1,208.75,208.75,0
15329.0,38,3,1049.7,349.90000000000003,0
15330.0,31,2,714.9599999999999,357.48,0
15332.0,365,4,1661.06,415.265,1
15333.0,207,1,1028.56,1028.56,1
15334.0,156,3,351.67,117.22333333333334,1
15335.0,53,1,173.97,173.97,0
15339.0,65,2,574.07,287.035,0
15341.0,80,1,2020.52,2020.52,0
15342.0,129,1,406.09,406.09,1
15343.0,86,1,364.5,364.5,0
15344.0,0,3,563.94,187.98,0
15345.0,45,1,393.54,393.54,0
15346.0,332,1,252.42,252.42,1
15347.0,365,1,201.6,201.6,1
15348.0,71,1,158.04,158.04,0
15349.0,157,2,473.81,236.905,1
15350.0,372,1,115.65,115.65,1
15351.0,11,7,1960.11,280.0157142857143,0
15353.0,254,2,777.02,388.51,1
15355.0,28,2,277.05,138.525,0
15356.0,30,10,2766.5,276.65,0
15358.0,4,22,8347.2,379.4181818181818,0
15360.0,39,1,427.93,427.93,0
15361.0,361,1,418.92,418.92,1
15363.0,372,1,326.0,326.0,1
15364.0,95,2,913.19,456.595,1
15365.0,25,7,2314.32,330.6171428571429,0
15366.0,74,2,602.51,301.255,0
15367.0,56,4,1877.59,469.3975,0
15368.0,20,1,446.94000000000005,446.94000000000005,0
15370.0,40,7,2386.05,340.86428571428576,0
15372.0,136,1,2007.4,2007.4,1
15373.0,7,12,2415.91,201.3258333333333,0
15374.0,128,1,168.0,168.0,1
15376.0,39,3,1233.36,411.12000000000006,0
15379.0,168,7,3703.29,529.0414285714286,1
15380.0,8,5,1690.26,338.052,0
15381.0,213,2,596.85,298.425,1
15382.0,14,6,5955.71,992.6183333333332,0
15384.0,169,2,642.41,321.205,1
15385.0,39,1,316.88,316.88,0
15386.0,185,1,394.14,394.14,1
15388.0,269,1,140.54,140.54,1
15389.0,171,1,500.0,500.0,1
15392.0,4,4,1535.53,383.8825,0
15393.0,15,2,231.86,115.93,0
15394.0,9,4,2183.54,545.885,0
15395.0,325,1,107.45,107.45,1
15396.0,112,1,288.18,288.18,1
15397.0,289,1,94.0,94.0,1
15398.0,15,2,1345.53,672.765,0
15399.0,0,3,815.77,271.92333333333335,0
15400.0,91,5,716.2,143.24,1
15402.0,148,2,626.77,313.385,1
15405.0,188,1,349.1,349.1,1
15406.0,30,2,510.71,255.355,0
15407.0,33,4,1056.44,264.11,0
15408.0,263,1,267.18,267.18,1
15410.0,83,8,3450.84,431.355,0
15411.0,25,4,1358.88,339.72,0
15412.0,170,1,190.53,190.53,1
15414.0,9,3,774.9000000000001,258.3,0
15415.0,312,1,572.8100000000001,572.8100000000001,1
15416.0,64,4,3984.32,996.08,0
15417.0,84,1,508.8,508.8,0
15419.0,24,1,135.86,135.86,0
15421.0,58,4,950.36,237.59,0
15422.0,322,2,97.7,48.85,1
15423.0,37,1,43.5,43.5,0
15424.0,253,2,383.34,191.67,1
15426.0,18,5,1447.39,289.478,0
15427.0,32,3,1483.14,494.38000000000005,0
15428.0,14,1,93.78,93.78,0
15429.0,26,2,397.35,198.675,0
15432.0,22,1,171.19000000000003,171.19000000000003,0
15433.0,213,2,533.3,266.65,1
15434.0,7,5,1041.48,208.296,0
15435.0,21,1,149.29,149.29,0
15436.0,11,3,1122.53,374.1766666666667,0
15437.0,261,1,200.16,200.16,1
15438.0,130,1,156.57999999999998,156.57999999999998,1
15440.0,54,3,383.68,127.89333333333332,0
15442.0,248,1,594.0,594.0,1
15443.0,1,7,3236.91,462.4157142857143,0
15444.0,8,2,1418.26,709.13,0
15445.0,263,1,113.5,113.5,1
15447.0,330,1,155.17000000000002,155.17000000000002,1
15448.0,312,1,494.64,494.64,1
15449.0,25,3,974.52,324.84,0
15450.0,29,1,429.84,429.84,0
15452.0,29,3,538.73,179.57666666666668,0
15453.0,1,7,1388.37,198.3385714285714,0
15454.0,361,1,179.1,179.1,1
15456.0,282,3,447.22,149.07333333333335,1
15457.0,261,1,237.07,237.07,1
15458.0,24,1,161.64,161.64,0
15460.0,353,1,216.76,216.76,1
15462.0,93,3,234.6,78.2,1
15463.0,28,1,126.14,126.14,0
15464.0,337,1,1048.85,1048.85,1
15465.0,19,18,7354.62,408.59,0
15466.0,84,1,334.53,334.53,0
15467.0,8,3,524.88,174.96,0
15468.0,50,2,467.51,233.755,0
15469.0,49,2,538.55,269.275,0
15471.0,1,1,469.48,469.48,0
15472.0,112,1,371.56,371.56,1
15473.0,13,7,1771.2,253.02857142857144,0
15475.0,76,1,454.11,454.11,0
15478.0,39,2,1441.42,720.71,0
15480.0,115,1,905.5,905.5,1
15482.0,15,12,11054.96,921.2466666666666,0
15483.0,160,4,233.81,58.4525,1
15484.0,0,4,3594.31,898.5775,0
15485.0,29,3,2575.0,858.3333333333334,0
15488.0,92,1,91.32,91.32,1
15489.0,22,3,1134.28,378.0933333333333,0
15491.0,94,6,3100.09,516.6816666666667,1
15492.0,27,2,659.46,329.73,0
15493.0,32,5,2001.8,400.36,0
15494.0,20,2,1299.23,649.615,0
15497.0,17,2,1262.2,631.1,0
15498.0,2,27,13316.4,493.2,0
15500.0,7,4,1131.56,282.89,0
15502.0,15,12,10384.93,865.4108333333334,0
15503.0,362,1,147.09,147.09,1
15504.0,80,1,52.83,52.83,0
15505.0,52,5,3610.96,722.192,0
15506.0,22,3,979.26,326.42,0
15507.0,171,1,492.36,492.36,1
15508.0,188,6,1000.27,166.71166666666667,1
15510.0,330,1,250.0,250.0,1
15511.0,11,5,909.23,181.846,0
15512.0,155,2,121.0,60.5,1
15513.0,32,19,14758.22,776.7484210526316,0
15514.0,11,11,4139.46,376.3145454545455,0
15516.0,44,3,62.43,20.81,0
15517.0,232,1,267.03,267.03,1
15518.0,63,8,1942.45,242.80625,0
15520.0,1,1,343.5,343.5,0
15521.0,39,8,3000.2,375.025,0
15522.0,32,2,398.84,199.42,0
15523.0,83,1,412.0100000000001,412.0100000000001,0
15524.0,24,1,440.0,440.0,0
15525.0,1,3,825.92,275.3066666666667,0
15526.0,32,2,148.44,74.22,0
15527.0,18,8,2429.78,303.7225,0
15528.0,253,1,229.33,229.33,1
15529.0,22,11,3995.23,363.20272727272726,0
15530.0,21,4,1502.35,375.5875,0
15531.0,7,2,2007.44,1003.72,0
15532.0,24,4,1580.93,395.2325,0
15533.0,18,3,807.57,269.19,0
15535.0,172,4,536.4,134.1,1
15537.0,162,1,110.92,110.92,1
15539.0,6,1,538.46,538.46,0
15540.0,10,1,213.3,213.3,0
15541.0,113,1,85.13000000000001,85.13000000000001,1
15543.0,287,1,127.86,127.86,1
15544.0,8,9,3546.71,394.0788888888889,0
15545.0,53,2,292.72,146.36,0
15547.0,6,14,4954.84,353.9171428571429,0
15549.0,76,3,1693.26,564.42,0
15550.0,3,4,575.63,143.9075,0
15551.0,36,1,436.06,436.06,0
15552.0,216,1,90.12,90.12,1
15553.0,59,1,437.23,437.23,0
15554.0,277,1,217.2,217.2,1
15555.0,11,16,4805.17,300.323125,0
15556.0,23,1,279.77,279.77,0
15557.0,28,1,473.65,473.65,0
15561.0,11,4,800.5899999999999,200.1475,0
15562.0,351,1,134.55,134.55,1
15563.0,21,4,1400.44,350.11,0
15565.0,49,2,173.16000000000005,86.58000000000001,0
15567.0,18,1,186.01,186.01,0
15568.0,2,3,758.29,252.7633333333333,0
15569.0,103,5,1375.71,275.142,1
15570.0,6,12,4165.52,347.1266666666667,0
15571.0,11,4,650.4300000000001,162.60750000000002,0
15572.0,4,7,2552.86,364.69428571428574,0
15573.0,31,2,607.45,303.725,0
15574.0,177,4,702.25,175.5625,1
15576.0,37,1,940.67,940.67,0
15577.0,150,3,258.88,86.29333333333334,1
15578.0,161,1,127.1,127.1,1
15579.0,68,2,348.6,174.3,0
15581.0,120,13,3679.97,283.0746153846154,1
15582.0,24,3,682.9100000000001,227.63666666666668,0
15584.0,23,4,725.11,181.2775,0
15585.0,176,1,455.3,455.3,1
15587.0,49,4,913.68,228.42,0
15589.0,255,3,478.53,159.51,1
15592.0,46,1,388.58,388.58,0
15593.0,70,1,199.8,199.8,0
15594.0,15,5,1771.78,354.356,0
15596.0,100,5,1406.59,281.318,1
15597.0,34,1,324.57,324.57,0
15598.0,52,1,240.68,240.68,0
15599.0,26,2,761.74,380.87,0
15601.0,10,14,6776.56,484.04,0
15602.0,7,9,1297.87,144.20777777777778,0
15603.0,78,1,48.48,48.48,0
15604.0,51,1,216.39,216.39,0
15605.0,35,5,1198.23,239.646,0
15606.0,60,9,2920.16,324.4622222222222,0
15607.0,336,1,104.76,104.76,1
15608.0,27,4,1093.68,273.42,0
15609.0,183,1,298.48,298.48,1
15610.0,51,1,112.46,112.46,0
15611.0,9,13,1591.45,122.41923076923078,0
15612.0,35,2,195.15,97.575,0
15615.0,9,23,10399.74,452.1626086956522,0
15618.0,32,4,776.851,194.21275,0
15619.0,10,1,336.4,336.4,0
15620.0,56,3,1553.18,517.7266666666667,0
15621.0,3,4,1293.03,323.2575,0
15622.0,42,9,3709.56,412.17333333333335,0
15623.0,140,1,301.03000000000003,301.03000000000003,1
15624.0,116,4,588.13,147.0325,1
15625.0,103,4,1534.26,383.565,1
15626.0,74,2,675.8,337.9,0
15628.0,4,9,2870.24,318.9155555555556,0
15630.0,44,2,1186.35,593.175,0
15632.0,15,8,3285.31,410.66375,0
15634.0,16,1,243.55,243.55,0
15636.0,89,2,724.76,362.38,0
15637.0,52,1,223.36,223.36,0
15639.0,133,1,425.32,425.32,1
15640.0,3,15,12515.66,834.3773333333334,0
15641.0,104,4,1887.2,471.8,1
15643.0,191,3,664.0,221.33333333333331,1
15644.0,165,4,813.0,203.25,1
15645.0,18,1,612.01,612.01,0
15646.0,157,3,447.64,149.21333333333334,1
15648.0,203,2,657.35,328.675,1
15649.0,335,2,816.0,408.0,1
15651.0,36,3,646.3,215.4333333333333,0
15652.0,90,1,337.74,337.74,0
15653.0,92,2,877.44,438.72,1
15654.0,8,2,922.53,461.265,0
15655.0,242,1,560.6700000000001,560.6700000000001,1
15656.0,44,4,748.5,187.125,0
15657.0,22,1,30.0,30.0,0
15658.0,189,5,1024.1,204.82,1
15659.0,43,1,306.45,306.45,0
15660.0,24,9,1600.86,177.8733333333333,0
15661.0,316,2,309.8,154.9,1
15663.0,105,1,138.14,138.14,1
15664.0,50,1,386.43,386.43,0
15665.0,167,2,2242.01,1121.005,1
15667.0,39,1,301.32000000000005,301.32000000000005,0
15668.0,217,1,76.32000000000001,76.32000000000001,1
15669.0,39,4,684.34,171.085,0
15670.0,296,1,173.05,173.05,1
15671.0,18,7,2657.13,379.59,0
15673.0,87,4,2881.02,720.255,0
15674.0,72,5,2446.6,489.32,0
15675.0,80,3,323.69,107.89666666666666,0
15676.0,18,3,3435.76,1145.253333333333,0
15677.0,48,1,657.23,657.23,0
15678.0,52,1,352.7,352.7,0
15679.0,23,4,781.28,195.32,0
15680.0,8,3,1333.68,444.56,0
15681.0,24,5,1426.16,285.232,0
15683.0,116,1,193.75,193.75,1
15687.0,8,9,2993.1,332.56666666666666,0
15689.0,119,2,254.1,127.05,1
15690.0,3,2,239.76,119.88,0
15691.0,251,1,136.8,136.8,1
15692.0,27,1,191.04,191.04,0
15694.0,0,14,6479.4,462.8142857142857,0
15695.0,266,2,409.98,204.99,1
15696.0,32,8,2736.46,342.0575,0
15699.0,17,1,309.65,309.65,0
15700.0,171,2,696.68,348.34,1
15701.0,1,4,1542.14,385.535,0
15703.0,264,1,211.5,211.5,1
15704.0,139,4,2293.62,573.405,1
15705.0,200,1,143.1,143.1,1
15706.0,63,4,1060.56,265.14,0
15707.0,34,4,945.58,236.395,0
15708.0,40,7,3364.24,480.6057142857143,0
15709.0,283,1,133.25,133.25,1
15712.0,8,5,1072.36,214.47200000000004,0
15713.0,142,2,356.7,178.35,1
15714.0,11,2,330.88,165.44,0
15716.0,145,4,1118.81,279.7025,1
15717.0,233,1,150.3,150.3,1
15719.0,32,13,5045.61,388.1238461538461,0
15720.0,23,1,598.73,598.73,0
15721.0,11,1,507.08,507.08,0
15722.0,35,5,2222.56,444.512,0
15723.0,364,1,203.1,203.1,1
15724.0,200,2,218.25,109.125,1
15725.0,14,1,415.25,415.25,0
15727.0,16,7,5178.96,739.8514285714285,0
15729.0,212,1,85.0,85.0,1
15730.0,65,3,1120.88,373.6266666666667,0
15732.0,211,2,294.12,147.06,1
15733.0,282,1,162.3,162.3,1
15734.0,114,2,1339.45,669.725,1
15737.0,14,8,1205.12,150.64,0
15738.0,18,16,4812.42,300.77625,0
15739.0,65,1,449.12,449.12,0
15740.0,48,1,154.88,154.88,0
15743.0,15,4,784.46,196.115,0
15744.0,77,1,34.8,34.8,0
15745.0,18,4,1094.59,273.64750000000004,0
15746.0,133,1,196.88,196.88,1
15747.0,12,3,974.04,324.68,0
15748.0,39,1,149.31,149.31,0
15749.0,234,3,44534.3,14844.766666666668,1
15750.0,2,8,2465.48,308.185,0
15752.0,39,7,2637.38,376.7685714285714,0
15753.0,304,1,79.2,79.2,1
15754.0,50,3,458.57,152.85666666666663,0
15755.0,9,6,2364.25,394.0416666666667,0
15756.0,60,4,532.96,133.24,0
15757.0,65,2,714.42,357.21,0
15758.0,24,1,205.25,205.25,0
15759.0,217,3,253.04,84.34666666666668,1
15762.0,64,2,583.75,291.875,0
15763.0,31,2,1086.92,543.46,0
15764.0,87,6,3279.9700000000003,546.6616666666667,0
15766.0,63,1,315.06,315.06,0
15768.0,115,3,621.83,207.27666666666667,1
15769.0,6,26,56252.72,2163.566153846154,0
15773.0,5,1,635.6800000000001,635.6800000000001,0
15774.0,68,1,270.8,270.8,0
15775.0,244,1,104.9,104.9,1
15776.0,132,1,241.62,241.62,1
15777.0,240,4,1047.11,261.77750000000003,1
15780.0,183,3,475.28,158.42666666666668,1
15781.0,24,3,345.46000000000004,115.15333333333336,0
15782.0,9,3,2614.74,871.5799999999999,0
15783.0,10,1,246.3,246.3,0
15785.0,32,5,2328.9700000000003,465.794,0
15786.0,45,3,4932.2,1644.0666666666666,0
15787.0,25,3,948.05,316.01666666666665,0
15789.0,357,1,351.3,351.3,1
15790.0,9,1,220.85,220.85,0
15791.0,43,2,1612.69,806.345,0
15793.0,14,3,965.61,321.87,0
15795.0,149,1,610.01,610.01,1
15796.0,0,8,2711.56,338.945,0
15797.0,112,4,2207.4,551.85,1
15799.0,75,3,884.14,294.7133333333333,0
15800.0,106,2,699.08,349.54,1
15801.0,45,3,1063.95,354.65000000000003,0
15802.0,142,1,451.42,451.42,1
15803.0,50,1,415.8200000000001,415.8200000000001,0
15804.0,0,13,4206.39,323.5684615384616,0
15805.0,22,17,5528.4800000000005,325.204705882353,0
15806.0,45,3,784.58,261.5266666666667,0
15807.0,49,3,903.9,301.3,0
15808.0,305,4,3734.97,933.7425,1
15809.0,35,5,515.77,103.154,0
15810.0,78,4,1391.98,347.995,0
15811.0,21,6,2218.62,369.77,0
15812.0,106,5,1801.14,360.228,1
15813.0,207,2,1303.91,651.9549999999999,1
15814.0,16,4,1945.33,486.3325,0
15815.0,63,5,2100.6,420.12,0
15819.0,48,4,1905.45,476.3625,0
15820.0,319,1,206.98,206.98,1
15821.0,43,2,570.96,285.48,0
15822.0,2,2,885.47,442.735,0
15823.0,371,1,15.0,15.0,1
15825.0,171,1,532.94,532.94,1
15826.0,55,3,1654.31,551.4366666666666,0
15827.0,72,14,1836.09,131.1492857142857,0
15829.0,98,2,636.14,318.07,1
15830.0,37,1,576.0,576.0,0
15831.0,57,3,801.76,267.25333333333333,0
15832.0,253,1,836.79,836.79,1
15834.0,69,4,2233.75,558.4375,0
15835.0,43,4,954.09,238.5225,0
15836.0,49,1,137.37,137.37,0
15837.0,64,1,391.98,391.98,0
15838.0,10,19,33643.08,1770.6884210526316,0
15839.0,32,3,1048.49,349.49666666666667,0
15840.0,58,2,355.56,177.78,0
15841.0,72,4,1224.06,306.015,0
15843.0,303,1,118.95,118.95,1
15844.0,45,1,130.73999999999998,130.73999999999998,0
15845.0,17,8,3711.77,463.97125,0
15847.0,37,2,389.27,194.635,0
15850.0,18,2,238.85,119.425,0
15852.0,186,2,160.71,80.355,1
15853.0,51,1,110.8,110.8,0
15854.0,3,12,2974.65,247.8875,0
15855.0,136,5,712.24,142.448,1
15856.0,3,27,16387.57,606.947037037037,0
15857.0,18,1,297.0,297.0,0
15858.0,15,5,1438.85,287.77,0
15860.0,40,8,977.21,122.15125,0
15861.0,11,8,3165.36,395.67,0
15862.0,7,4,832.88,208.22,0
15863.0,25,2,68.84,34.42,0
15864.0,21,6,1936.32,322.72,0
15865.0,40,3,895.13,298.37666666666667,0
15866.0,100,1,230.53,230.53,1
15867.0,4,15,3812.64,254.176,0
15869.0,276,2,149.64,74.82,1
15870.0,32,1,354.09000000000003,354.09000000000003,0
15872.0,14,2,360.93,180.465,0
15874.0,63,7,4405.88,629.4114285714286,0
15877.0,1,2,493.28,246.64,0
15880.0,368,1,343.28,343.28,1
15881.0,311,5,501.39,100.278,1
15882.0,198,4,516.36,129.09,1
15883.0,1,2,396.48,198.24,0
15885.0,92,3,379.35,126.45,1
15886.0,59,1,181.09,181.09,0
15888.0,80,1,168.31,168.31,0
15889.0,156,2,446.87,223.435,1
15891.0,226,1,524.52,524.52,1
15894.0,252,2,263.55,131.775,1
15895.0,149,1,179.17,179.17,1
15897.0,193,2,222.05,111.025,1
15898.0,0,5,1388.88,277.776,0
15899.0,368,1,56.25,56.25,1
15900.0,23,1,351.11,351.11,0
15901.0,16,3,363.88,121.29333333333334,0
15903.0,9,7,5126.76,732.3942857142857,0
15904.0,7,1,164.68,164.68,0
15906.0,19,7,1567.69,223.9557142857143,0
15907.0,3,3,967.45,322.4833333333333,0
15909.0,173,1,191.94,191.94,1
15910.0,0,8,1232.18,154.0225,0
15912.0,177,2,264.62,132.31,1
15916.0,15,8,1528.09,191.01125,0
15917.0,247,1,123.1,123.1,1
15918.0,190,2,334.23,167.115,1
15919.0,19,2,639.89,319.945,0
15920.0,153,4,167.5,41.875,1
15921.0,172,1,336.03000000000003,336.03000000000003,1
15922.0,372,1,369.5,369.5,1
15923.0,372,1,127.08,127.08,1
15925.0,193,1,207.15,207.15,1
15930.0,66,1,426.63,426.63,0
15932.0,3,8,2495.87,311.98375,0
15933.0,20,3,1107.46,369.15333333333336,0
15935.0,238,2,416.86,208.43,1
15937.0,63,1,145.35000000000002,145.35000000000002,0
15938.0,111,5,404.58,80.91600000000001,1
15939.0,89,15,6115.01,407.6673333333334,0
15940.0,310,1,35.8,35.8,1
15942.0,133,1,337.44,337.44,1
15944.0,276,1,325.1,325.1,1
15945.0,364,1,181.0,181.0,1
15947.0,82,1,1708.24,1708.24,0
15948.0,7,2,955.24,477.62,0
15949.0,16,2,364.72,182.36,0
15950.0,31,4,1765.51,441.3775,0
15951.0,8,2,708.22,354.11,0
15952.0,33,4,806.57,201.6425,0
15953.0,14,8,1659.38,207.4225,0
15955.0,23,14,4416.26,315.44714285714286,0
15957.0,31,1,428.89,428.89,0
15958.0,73,1,104.35,104.35,0
15963.0,19,2,470.76,235.38,0
15965.0,16,4,845.64,211.41,0
15967.0,22,2,418.83,209.415,0
15969.0,2,3,666.1,222.03333333333333,0
15970.0,303,1,314.1,314.1,1
15971.0,17,12,4199.85,349.9875,0
15973.0,366,1,307.82000000000005,307.82000000000005,1
15974.0,38,7,3442.15,491.7357142857143,0
15975.0,83,1,371.01,371.01,0
15976.0,164,2,430.94,215.47,1
15977.0,16,2,1054.73,527.365,0
15978.0,76,1,1098.78,1098.78,0
15980.0,88,3,2398.86,799.62,0
15981.0,24,8,3408.48,426.06,0
15983.0,21,4,1475.02,368.755,0
15984.0,2,10,2837.67,283.767,0
15985.0,122,2,1142.42,571.21,1
15986.0,29,1,168.12,168.12,0
15987.0,11,7,1451.28,207.32571428571427,0
15988.0,18,1,158.03,158.03,0
15990.0,43,2,792.11,396.055,0
15992.0,3,1,41.99,41.99,0
15993.0,8,7,2797.57,399.6528571428572,0
15994.0,54,1,427.07,427.07,0
15996.0,87,6,1060.68,176.78,0
15998.0,36,5,3089.97,617.9939999999999,0
16000.0,2,3,12393.7,4131.233333333334,0
16003.0,29,5,2735.37,547.074,0
16005.0,11,4,615.39,153.8475,0
16006.0,210,1,101.4,101.4,1
16007.0,47,4,1701.94,425.485,0
16008.0,23,3,478.78,159.59333333333333,0
16009.0,21,4,992.71,248.1775,0
16010.0,245,3,407.5,135.83333333333334,1
16011.0,7,16,3362.71,210.169375,0
16012.0,34,3,1415.29,471.7633333333333,0
16013.0,3,47,37130.6,790.0127659574467,0
16014.0,37,3,662.38,220.7933333333333,0
16015.0,3,3,705.39,235.13,0
16016.0,2,8,1508.76,188.595,0
16017.0,46,1,211.88,211.88,0
16018.0,38,2,408.9,204.45,0
16019.0,46,9,3786.24,420.6933333333333,0
16020.0,16,3,851.01,283.67,0
16022.0,259,1,628.28,628.28,1
16023.0,45,3,719.81,239.93666666666664,0
16024.0,11,1,251.24,251.24,0
16025.0,29,1,439.66,439.66,0
16026.0,42,1,236.09,236.09,0
16027.0,91,6,934.62,155.77,1
16029.0,38,63,81024.84,1286.1085714285714,0
16030.0,309,1,331.24,331.24,1
16031.0,91,2,548.94,274.47,1
16033.0,5,20,8816.4,440.82,0
16034.0,195,3,437.7000000000001,145.9,1
16036.0,86,2,758.9200000000001,379.46,0
16037.0,269,3,855.02,285.00666666666666,1
16038.0,7,3,471.78,157.26,0
16040.0,64,3,1313.55,437.85,0
16041.0,30,3,3166.4,1055.4666666666667,0
16042.0,21,5,1197.27,239.454,0
16043.0,37,4,773.99,193.4975,0
16045.0,119,4,1340.7,335.175,1
16048.0,372,2,256.44,128.22,1
16049.0,39,3,1111.79,370.5966666666666,0
16050.0,173,1,137.9,137.9,1
16052.0,53,1,362.06,362.06,0
16053.0,32,2,1511.95,755.975,0
16054.0,144,1,783.9,783.9,1
16055.0,220,1,134.8,134.8,1
16056.0,44,1,664.85,664.85,0
16057.0,15,7,2263.12,323.30285714285714,0
16059.0,65,6,1459.86,243.31000000000003,0
16062.0,9,4,1153.62,288.405,0
16063.0,259,1,335.32,335.32,1
16065.0,364,1,372.09,372.09,1
16066.0,16,5,1521.87,304.374,0
16070.0,21,2,852.15,426.075,0
16071.0,44,1,326.24,326.24,0
16072.0,287,1,584.3199999999999,584.3199999999999,1
16073.0,296,1,122.4,122.4,1
16076.0,2,10,2234.73,223.473,0
16078.0,283,1,79.2,79.2,1
16079.0,16,3,1352.0,450.6666666666667,0
16080.0,81,2,217.16,108.58,0
16081.0,55,5,2806.9,561.38,0
16083.0,100,2,1317.62,658.81,1
16084.0,298,1,436.18,436.18,1
16085.0,22,5,981.51,196.302,0
16086.0,58,5,1121.39,224.278,0
16091.0,154,2,315.06,157.53,1
16092.0,114,3,817.86,272.62,1
16093.0,106,1,17.0,17.0,1
16094.0,11,4,1078.23,269.5575,0
16096.0,263,1,320.62,320.62,1
16097.0,239,1,185.05,185.05,1
16098.0,87,7,2005.63,286.5185714285714,0
16099.0,49,3,731.9,243.96666666666667,0
16101.0,70,1,1290.7,1290.7,0
16102.0,41,3,1842.14,614.0466666666667,0
16103.0,6,6,1429.64,238.2733333333333,0
16104.0,61,1,302.36,302.36,0
16105.0,248,1,336.96,336.96,1
16106.0,65,1,108.38,108.38,0
16107.0,17,7,3204.1600000000003,457.7371428571429,0
16108.0,84,1,842.5,842.5,0
16109.0,218,2,611.88,305.94,1
16110.0,44,3,1337.48,445.82666666666665,0
16112.0,142,4,195.74,48.935,1
16113.0,182,1,161.38,161.38,1
16114.0,170,1,135.75000000000003,135.75000000000003,1
16115.0,9,8,1667.97,208.49625,0
16116.0,211,1,612.78,612.78,1
16117.0,189,1,232.21,232.21,1
16119.0,7,2,423.36,211.68,0
16120.0,58,4,1309.14,327.285,0
16121.0,56,2,867.11,433.555,0
16122.0,72,4,684.42,171.105,0
16123.0,51,1,307.78000000000003,307.78000000000003,0
16124.0,316,1,249.0,249.0,1
16125.0,366,1,289.35,289.35,1
16126.0,28,4,6287.77,1571.9425,0
16127.0,38,1,656.25,656.25,0
16128.0,17,5,1880.22,376.044,0
16131.0,51,6,3506.54,584.4233333333333,0
16133.0,3,33,14589.04,442.0921212121213,0
16134.0,21,2,618.09,309.045,0
16135.0,262,1,517.55,517.55,1
16136.0,59,3,709.38,236.46,0
16139.0,18,3,635.4100000000001,211.80333333333337,0
16140.0,65,2,725.1800000000001,362.59,0
16141.0,87,1,620.4,620.4,0
16142.0,249,1,535.34,535.34,1
16143.0,2,6,2424.94,404.1566666666667,0
16144.0,246,1,175.2,175.2,1
16145.0,8,11,3799.49,345.40818181818184,0
16146.0,156,3,734.13,244.71,1
16147.0,133,1,375.0,375.0,1
16148.0,295,1,76.32000000000001,76.32000000000001,1
16149.0,4,2,280.52,140.26,0
16150.0,42,5,2053.02,410.604,0
16152.0,268,1,1829.04,1829.04,1
16153.0,49,5,1824.23,364.846,0
16156.0,8,9,3122.04,346.8933333333333,0
16157.0,15,3,656.69,218.89666666666668,0
16159.0,281,1,348.2,348.2,1
16160.0,64,2,1025.44,512.72,0
16161.0,1,19,5575.56,293.4505263157895,0
16162.0,251,1,37.4,37.4,1
16163.0,231,2,856.6,428.3,1
16164.0,16,3,822.48,274.16,0
16168.0,10,27,3787.6,140.28148148148148,0
16169.0,7,4,1822.97,455.7425,0
16170.0,50,6,1885.05,314.175,0
16171.0,58,1,73.19999999999999,73.19999999999999,0
16172.0,94,5,1140.21,228.042,1
16173.0,15,6,1418.32,236.38666666666663,0
16174.0,125,3,1009.55,336.51666666666665,1
16175.0,93,4,1037.59,259.39750000000004,1
16177.0,49,1,331.95,331.95,0
16178.0,137,1,197.9,197.9,1
16179.0,60,1,215.83,215.83,0
16180.0,99,8,10254.18,1281.7725,1
16181.0,72,1,305.54,305.54,0
16182.0,71,4,6617.65,1654.4125,0
16183.0,66,1,338.71000000000004,338.71000000000004,0
16184.0,63,6,1158.79,193.13166666666663,0
16185.0,16,2,529.41,264.705,0
16186.0,22,12,4006.94,333.9116666666667,0
16187.0,31,15,6911.4400000000005,460.7626666666667,0
16188.0,44,4,981.86,245.465,0
16189.0,15,2,215.48,107.74,0
16190.0,39,1,215.08,215.08,0
16191.0,2,13,5180.52,398.5015384615385,0
16193.0,236,1,314.45,314.45,1
16198.0,74,1,400.681,400.681,0
16200.0,3,2,1080.62,540.3100000000001,0
16201.0,2,4,1863.47,465.8675,0
16202.0,360,1,365.27,365.27,1
16203.0,58,4,592.9,148.225,0
16204.0,22,1,405.71,405.71,0
16205.0,30,4,761.38,190.345,0
16206.0,54,4,537.0600000000001,134.265,0
16207.0,24,1,394.38,394.38,0
16208.0,44,2,664.26,332.13,0
16209.0,88,5,2262.62,452.524,0
16210.0,1,18,21086.3,1171.461111111111,0
16211.0,88,1,547.02,547.02,0
16212.0,18,2,690.34,345.17,0
16213.0,78,1,159.0,159.0,0
16214.0,170,3,1062.75,354.25,1
16215.0,80,1,242.35,242.35,0
16216.0,266,1,914.93,914.93,1
16217.0,234,2,304.25,152.125,1
16218.0,29,7,3084.68,440.6685714285714,0
16221.0,36,3,864.86,288.2866666666667,0
16222.0,317,1,846.72,846.72,1
16224.0,56,4,1295.3,323.825,0
16225.0,44,5,1096.32,219.264,0
16226.0,202,3,255.12,85.04,1
16227.0,224,1,314.22,314.22,1
16229.0,86,2,1010.6,505.3,0
16230.0,189,2,542.03,271.015,1
16232.0,43,4,990.88,247.72,0
16233.0,70,3,536.6800000000001,178.89333333333337,0
16235.0,40,5,867.3100000000001,173.46200000000002,0
16236.0,77,1,432.2,432.2,0
16239.0,56,2,414.2,207.1,0
16240.0,23,2,3718.8,1859.4,0
16241.0,9,13,2607.87,200.6053846153846,0
16242.0,7,7,3603.21,514.7442857142858,0
16243.0,33,2,409.1,204.55,0
16244.0,211,2,1522.75,761.375,1
16245.0,23,3,1413.66,471.22,0
16247.0,169,1,114.56,114.56,1
16248.0,61,1,152.94,152.94,0
16249.0,52,5,1800.07,360.014,0
16250.0,260,2,389.44,194.72,1
16253.0,66,2,3683.86,1841.93,0
16255.0,16,8,2619.91,327.48875,0
16256.0,266,1,752.4300000000001,752.4300000000001,1
16257.0,176,1,46.95,46.95,1
16258.0,44,5,5203.51,1040.702,0
16260.0,50,1,1035.45,1035.45,0
16261.0,16,4,746.83,186.7075,0
16265.0,8,9,5447.0,605.2222222222222,0
16266.0,73,7,861.89,123.12714285714286,0
16268.0,70,2,667.65,333.825,0
16270.0,352,1,1141.24,1141.24,1
16271.0,2,5,1429.24,285.848,0
16272.0,116,1,411.7,411.7,1
16274.0,372,1,357.95,357.95,1
16275.0,196,1,559.87,559.87,1
16276.0,176,1,810.6,810.6,1
16278.0,99,1,566.38,566.38,1
16279.0,20,3,1509.58,503.1933333333333,0
16281.0,71,1,2062.06,2062.06,0
16282.0,339,1,168.3,168.3,1
16283.0,5,5,1570.81,314.162,0
16284.0,30,2,823.97,411.985,0
16287.0,169,1,142.5,142.5,1
16292.0,121,1,302.25,302.25,1
16293.0,21,10,2248.99,224.89900000000003,0
16295.0,9,4,1328.55,332.1375,0
16297.0,268,1,301.9,301.9,1
16298.0,22,3,598.2,199.4,0
16302.0,126,1,233.22,233.22,1
16303.0,25,3,5360.63,1786.8766666666668,0
16305.0,138,1,361.22,361.22,1
16306.0,213,6,632.27,105.37833333333332,1
16308.0,37,4,2560.0,640.0,0
16309.0,105,2,706.57,353.285,1
16311.0,17,2,616.26,308.13,0
16313.0,2,2,274.15000000000003,137.07500000000002,0
16315.0,330,1,226.37,226.37,1
16316.0,63,8,2938.91,367.36375,0
16317.0,119,3,1341.65,447.2166666666667,1
16318.0,34,1,328.15000000000003,328.15000000000003,0
16319.0,217,1,404.4,404.4,1
16320.0,171,2,1038.46,519.23,1
16321.0,71,5,373.65,74.73,0
16322.0,0,2,326.75,163.375,0
16323.0,195,1,207.50000000000003,207.50000000000003,1
16324.0,127,3,428.68,142.89333333333337,1
16325.0,46,3,594.24,198.08,0
16326.0,5,14,3110.96,222.21142857142857,0
16327.0,13,6,3844.22,640.7033333333334,0
16330.0,17,3,251.91,83.97,0
16332.0,27,7,1593.2,227.6,0
16333.0,7,22,26626.8,1210.3090909090909,0
16337.0,36,1,151.05,151.05,0
16338.0,156,1,214.8,214.8,1
16339.0,283,1,109.95,109.95,1
16340.0,106,1,549.07,549.07,1
16341.0,24,4,1971.87,492.9675,0
16342.0,74,4,322.41,80.6025,0
16343.0,15,2,370.48,185.24,0
16344.0,157,1,101.1,101.1,1
16345.0,43,1,575.41,575.41,0
16347.0,10,2,887.65,443.825,0
16348.0,31,7,1469.45,209.92142857142855,0
16349.0,290,1,53.5,53.5,1
16350.0,20,4,1116.47,279.1175,0
16351.0,332,1,153.9,153.9,1
16352.0,17,2,494.44,247.22,0
16353.0,3,23,6675.71,290.24826086956523,0
16354.0,62,2,395.8,197.9,0
16356.0,197,3,211.77,70.59,1
16357.0,32,3,658.88,219.6266666666667,0
16358.0,0,4,2027.5,506.875,0
16359.0,6,9,1750.92,194.54666666666668,0
16360.0,4,6,3512.53,585.4216666666667,0
16361.0,9,4,896.66,224.165,0
16362.0,31,5,734.77,146.954,0
16363.0,52,1,109.36,109.36,0
16364.0,11,2,707.04,353.52,0
16365.0,17,9,1540.42,171.1577777777778,0
16366.0,18,1,327.3,327.3,0
16367.0,36,2,804.49,402.245,0
16368.0,1,2,497.43,248.715,0
16369.0,17,3,1553.66,517.8866666666667,0
16370.0,81,4,1320.56,330.14,0
16372.0,32,2,367.93,183.965,0
16374.0,65,2,473.03,236.515,0
16376.0,8,2,987.01,493.505,0
16377.0,266,1,676.2,676.2,1
16378.0,246,3,362.95,120.98333333333332,1
16379.0,3,4,2157.4,539.35,0
16380.0,60,1,1780.59,1780.59,0
16383.0,74,2,668.36,334.18,0
16384.0,89,2,584.5,292.25,0
16385.0,59,3,555.89,185.29666666666665,0
16386.0,28,2,317.2,158.6,0
16387.0,322,1,94.36,94.36,1
16389.0,52,4,1382.0700000000002,345.51750000000004,0
16392.0,269,1,221.19,221.19,1
16393.0,1,13,3046.21,234.32384615384612,0
16394.0,56,5,1555.34,311.068,0
16395.0,60,5,1486.9,297.38,0
16398.0,153,2,1705.8,852.9,1
16399.0,18,2,408.57,204.285,0
16400.0,94,1,303.93,303.93,1
16401.0,0,12,4098.32,341.52666666666664,0
16402.0,264,2,299.6,149.8,1
16403.0,311,1,177.5,177.5,1
16404.0,69,1,443.05,443.05,0
16405.0,301,2,167.25,83.625,1
16406.0,18,1,163.07,163.07,0
16407.0,12,10,2126.93,212.693,0
16409.0,35,5,2028.88,405.776,0
16411.0,18,2,214.65,107.325,0
16412.0,53,1,151.83,151.83,0
16413.0,56,1,262.2,262.2,0
16414.0,21,2,126.25,63.125,0
16415.0,43,1,210.35,210.35,0
16416.0,26,3,1051.4,350.4666666666667,0
16418.0,44,3,675.27,225.09,0
16419.0,112,6,972.23,162.03833333333333,1
16422.0,16,51,34684.4,680.086274509804,0
16423.0,24,1,346.12,346.12,0
16424.0,190,1,133.56,133.56,1
16425.0,301,1,302.7,302.7,1
16426.0,1,10,1908.25,190.825,0
16427.0,262,2,241.06,120.53,1
16429.0,105,1,284.55,284.55,1
16430.0,56,1,300.85,300.85,0
16431.0,212,3,642.81,214.27,1
16432.0,63,1,287.40000000000003,287.40000000000003,0
16433.0,27,1,184.26,184.26,0
16434.0,28,7,1522.25,217.4642857142857,0
16438.0,5,5,798.35,159.67000000000002,0
16440.0,7,5,3640.67,728.134,0
16441.0,66,2,381.2,190.6,0
16442.0,1,3,616.79,205.59666666666664,0
16444.0,45,4,654.67,163.6675,0
16445.0,33,1,230.51,230.51,0
16446.0,0,2,168472.5,84236.25,0
16447.0,135,1,259.01,259.01,1
16448.0,197,1,188.89,188.89,1
16449.0,197,2,707.69,353.845,1
16450.0,149,1,311.92,311.92,1
16451.0,87,1,266.97,266.97,0
16454.0,44,2,6.9,3.45,0
16455.0,63,7,1841.18,263.0257142857143,0
16456.0,98,5,2158.37,431.674,1
16457.0,217,1,208.36,208.36,1
16458.0,2,18,3482.74,193.4855555555556,0
16460.0,27,3,814.72,271.5733333333333,0
16461.0,177,1,151.42,151.42,1
16462.0,73,3,136.0,45.333333333333336,0
16463.0,20,4,1422.4,355.6,0
16464.0,19,3,1314.68,438.2266666666667,0
16466.0,33,7,1603.46,229.06571428571428,0
16468.0,73,1,74.9,74.9,0
16469.0,23,4,650.43,162.6075,0
16470.0,51,4,762.39,190.5975,0
16471.0,274,1,223.95,223.95,1
16473.0,164,3,316.11,105.37,1
16474.0,6,7,1871.5,267.35714285714283,0
16475.0,87,4,544.3,136.075,0
16477.0,63,7,2494.46,356.3514285714286,0
16478.0,24,3,331.0,110.33333333333331,0
16479.0,9,2,300.83,150.415,0
16480.0,75,1,769.29,769.29,0
16482.0,15,1,220.62,220.62,0
16483.0,191,1,139.35,139.35,1
16484.0,173,2,404.3,202.15,1
16485.0,76,1,363.65,363.65,0
16488.0,32,3,498.8,166.26666666666668,0
16491.0,46,1,731.5,731.5,0
16493.0,79,4,1351.63,337.9075,0
16494.0,296,1,826.53,826.53,1
16495.0,2,3,684.41,228.13666666666663,0
16496.0,8,3,1599.52,533.1733333333333,0
16497.0,49,6,2965.69,494.2816666666667,0
16498.0,160,2,100.97,50.485,1
16499.0,359,2,365.45,182.725,1
16500.0,4,6,400.86,66.81,0
16503.0,106,4,1431.93,357.9825,1
16504.0,24,1,484.38,484.38,0
16505.0,31,1,777.6,777.6,0
16506.0,19,2,90.3,45.150000000000006,0
16509.0,296,1,363.7000000000001,363.7000000000001,1
16510.0,371,1,248.1,248.1,1
16511.0,21,3,950.26,316.75333333333333,0
16513.0,4,4,874.59,218.6475,0
16515.0,51,5,1627.13,325.42600000000004,0
16516.0,29,1,101.7,101.7,0
16517.0,276,1,162.70000000000002,162.70000000000002,1
16518.0,60,2,484.32,242.16,0
16519.0,24,2,215.08,107.54,0
16520.0,185,3,1046.57,348.8566666666666,1
16523.0,1,21,9418.47,448.4985714285715,0
16525.0,1,26,13027.45,501.0557692307693,0
16526.0,171,1,290.36,290.36,1
16527.0,80,1,228.06,228.06,0
16528.0,3,1,244.41,244.41,0
16529.0,189,1,455.25,455.25,1
16531.0,21,7,1244.59,177.79857142857142,0
16532.0,17,3,6748.8,2249.6,0
16533.0,18,3,1095.56,365.18666666666667,0
16535.0,4,1,593.75,593.75,0
16536.0,109,1,548.97,548.97,1
16539.0,2,4,1388.81,347.2025,0
16542.0,53,1,119.62,119.62,0
16545.0,164,1,339.3,339.3,1
16546.0,290,2,787.15,393.575,1
16549.0,9,10,4154.64,415.46400000000006,0
16550.0,108,5,2298.97,459.794,1
16551.0,95,3,922.12,307.37333333333333,1
16552.0,242,2,379.73,189.865,1
16553.0,162,12,5719.82,476.6516666666666,1
16554.0,41,3,837.1,279.03333333333336,0
16555.0,34,2,285.89,142.945,0
16556.0,66,7,3313.79,473.3985714285714,0
16557.0,23,2,281.85,140.925,0
16558.0,0,20,8338.49,416.9245,0
16560.0,26,2,841.41,420.705,0
16561.0,5,2,511.12,255.56,0
16563.0,53,1,1077.74,1077.74,0
16565.0,363,1,173.7,173.7,1
16566.0,14,5,614.66,122.932,0
16567.0,193,2,865.6,432.8,1
16569.0,2,1,124.2,124.2,0
16570.0,14,10,3738.4,373.84,0
16571.0,26,3,1421.69,473.8966666666667,0
16572.0,126,3,1009.6,336.53333333333336,1
16573.0,84,2,663.61,331.805,0
16574.0,70,1,451.44,451.44,0
16581.0,182,1,105.84,105.84,1
16582.0,112,1,313.62,313.62,1
16583.0,373,1,233.45,233.45,1
16584.0,79,2,936.08,468.04,0
16586.0,248,1,463.95,463.95,1
16587.0,231,1,225.15,225.15,1
16589.0,70,3,459.24,153.08,0
16591.0,68,1,213.5,213.5,0
16592.0,3,16,4113.68,257.105,0
16593.0,50,3,330.03,110.01,0
16594.0,74,1,181.09,181.09,0
16595.0,60,1,360.16,360.16,0
16596.0,15,2,250.15,125.075,0
16597.0,3,1,90.04,90.04,0
16598.0,285,1,145.05,145.05,1
16600.0,3,6,813.52,135.58666666666667,0
16601.0,40,1,244.8,244.8,0
16602.0,35,1,528.08,528.08,0
16603.0,74,2,482.47,241.235,0
16607.0,17,14,3347.71,239.12214285714285,0
16609.0,14,7,5493.46,784.78,0
16610.0,218,1,75.66,75.66,1
16611.0,185,1,129.49,129.49,1
16612.0,32,4,1187.66,296.915,0
16613.0,69,1,618.59,618.59,0
16614.0,182,1,506.19,506.19,1
16616.0,14,2,500.42,250.21,0
16617.0,235,1,151.85,151.85,1
16618.0,30,5,2647.59,529.518,0
16619.0,263,1,226.21,226.21,1
16620.0,3,2,178.96,89.48,0
16621.0,51,4,813.48,203.37,0
16623.0,245,1,129.45000000000002,129.45000000000002,1
16624.0,80,2,810.57,405.285,0
16625.0,274,1,333.08,333.08,1
16626.0,0,17,4413.1,259.59411764705885,0
16627.0,78,1,322.8,322.8,0
16628.0,29,5,2188.05,437.61,0
16629.0,73,2,417.73,208.865,0
16633.0,16,6,2883.1,480.51666666666665,0
16634.0,222,2,217.9,108.95,1
16637.0,31,4,1154.47,288.6175,0
16638.0,22,10,1680.72,168.072,0
16639.0,30,3,1257.51,419.17,0
16641.0,105,1,231.1,231.1,1
16642.0,4,2,688.33,344.165,0
16643.0,245,1,487.51,487.51,1
16644.0,177,2,833.78,416.89,1
16647.0,169,2,214.06,107.03,1
16648.0,42,1,290.66,290.66,0
16650.0,71,1,518.42,518.42,0
16652.0,58,7,6773.97,967.71,0
16653.0,15,2,1212.66,606.33,0
16654.0,140,4,601.27,150.3175,1
16655.0,17,6,3794.52,632.42,0
16656.0,21,15,8625.8,575.0533333333333,0
16657.0,9,4,933.62,233.405,0
16658.0,367,1,123.24,123.24,1
16659.0,188,1,39.12,39.12,1
16660.0,15,4,1267.65,316.9125,0
16665.0,361,1,135.4,135.4,1
16666.0,18,1,118.98,118.98,0
16667.0,67,2,570.13,285.065,0
16668.0,14,6,306.72,51.120000000000005,0
16669.0,23,3,1374.87,458.29,0
16670.0,16,11,4095.9,372.3545454545455,0
16671.0,27,3,1692.27,564.09,0
16672.0,1,20,8134.94,406.747,0
16674.0,54,2,319.61,159.805,0
16676.0,33,4,1592.12,398.03,0
16678.0,2,12,3109.99,259.1658333333333,0
16679.0,365,1,129.75,129.75,1
16680.0,42,1,183.7,183.7,0
16681.0,72,6,1770.34,295.0566666666667,0
16682.0,4,5,1028.0,205.6,0
16684.0,3,28,66653.56,2380.4842857142858,0
16685.0,60,2,324.24,162.12,0
16686.0,46,7,3062.83,437.5471428571428,0
16688.0,0,4,1260.86,315.21500000000003,0
16689.0,75,2,422.6,211.3,0
16690.0,71,2,225.58,112.79,0
16692.0,255,2,1276.0,638.0,1
16693.0,68,2,482.01,241.005,0
16696.0,134,4,657.9,164.475,1
16697.0,240,1,112.75,112.75,1
16698.0,226,2,1998.0,999.0,1
16700.0,8,13,5076.55,390.50384615384615,0
16701.0,8,13,5398.3,415.25384615384615,0
16705.0,0,20,14034.99,701.7495,0
16706.0,36,3,531.35,177.11666666666667,0
16708.0,45,1,656.63,656.63,0
16709.0,84,5,3029.87,605.9739999999999,0
16710.0,18,10,2483.04,248.304,0
16711.0,2,5,1651.03,330.206,0
16712.0,8,11,3645.43,331.40272727272725,0
16713.0,18,15,6923.13,461.542,0
16714.0,218,3,1161.53,387.1766666666667,1
16715.0,77,1,301.72,301.72,0
16716.0,266,2,901.2,450.6,1
16717.0,23,6,3858.38,643.0633333333334,0
16718.0,368,1,623.75,623.75,1
16719.0,14,7,1790.42,255.77428571428567,0
16720.0,25,1,155.24,155.24,0
16721.0,261,1,292.47,292.47,1
16722.0,16,13,4730.81,363.9084615384616,0
16723.0,90,2,589.15,294.575,0
16725.0,301,7,781.02,111.57428571428572,1
16726.0,25,5,1382.02,276.404,0
16727.0,363,1,272.82,272.82,1
16728.0,45,4,1054.67,263.6675,0
16729.0,37,21,7239.92,344.7580952380952,0
16730.0,51,3,743.11,247.70333333333332,0
16732.0,31,1,603.75,603.75,0
16734.0,51,3,650.51,216.83666666666667,0
16735.0,78,5,2300.56,460.112,0
16737.0,52,1,417.6,417.6,0
16738.0,297,1,3.75,3.75,1
16739.0,176,1,323.0,323.0,1
16742.0,46,1,464.9,464.9,0
16743.0,28,7,2238.09,319.7271428571429,0
16744.0,10,7,1304.76,186.3942857142857,0
16745.0,86,17,7194.3,423.1941176470588,0
16746.0,4,18,6697.66,372.09222222222223,0
16747.0,37,2,836.0600000000001,418.03,0
16748.0,17,5,1515.9,303.18,0
16750.0,44,5,623.93,124.786,0
16751.0,30,1,1764.72,1764.72,0
16752.0,372,1,207.5,207.5,1
16753.0,57,1,223.92,223.92,0
16754.0,371,1,2002.4,2002.4,1
16755.0,113,3,1496.83,498.9433333333333,1
16756.0,214,1,239.4,239.4,1
16757.0,318,1,106.83,106.83,1
16758.0,64,1,369.34,369.34,0
16759.0,7,3,789.79,263.2633333333333,0
16761.0,96,1,316.62,316.62,1
16762.0,19,3,1501.38,500.46,0
16763.0,198,1,611.8499999999999,611.8499999999999,1
16764.0,3,13,2799.25,215.32692307692307,0
16765.0,293,1,34.0,34.0,1
16766.0,272,2,1145.6,572.8,1
16767.0,30,11,5580.6,507.3272727272728,0
16768.0,47,3,478.09,159.36333333333334,0
16769.0,259,1,380.39,380.39,1
16770.0,57,5,770.1,154.02,0
16771.0,32,5,2246.81,449.362,0
16773.0,56,1,171.59,171.59,0
16774.0,67,4,661.52,165.38,0
16775.0,9,11,1695.66,154.1509090909091,0
16776.0,59,1,388.28,388.28,0
16777.0,79,2,226.35,113.175,0
16778.0,73,2,245.94,122.97,0
16779.0,1,22,10629.72,483.16909090909087,0
16780.0,99,2,425.19,212.595,1
16781.0,371,1,311.25,311.25,1
16782.0,9,13,2279.9,175.37692307692308,0
16784.0,19,1,107.6,107.6,0
16788.0,122,2,597.48,298.74,1
16789.0,7,1,80.80000000000001,80.80000000000001,0
16790.0,3,6,1545.62,257.6033333333333,0
16791.0,28,7,1721.78,245.96857142857144,0
16792.0,281,2,110.38,55.19,1
16793.0,56,1,243.84,243.84,0
16794.0,0,10,1222.71,122.271,0
16795.0,364,1,414.88,414.88,1
16796.0,88,1,305.62,305.62,0
16800.0,10,1,1201.49,1201.49,0
16801.0,162,4,1619.73,404.9325,1
16803.0,64,1,332.3,332.3,0
16804.0,22,3,536.99,178.99666666666667,0
16805.0,173,2,460.59,230.295,1
16806.0,102,4,801.49,200.3725,1
16807.0,142,3,1121.59,373.8633333333333,1
16808.0,98,2,288.42,144.21,1
16809.0,22,5,914.69,182.938,0
16810.0,191,1,309.54,309.54,1
16811.0,4,2,547.07,273.535,0
16812.0,360,1,479.35,479.35,1
16813.0,7,10,1692.98,169.298,0
16814.0,13,21,6509.1,309.95714285714286,0
16816.0,102,4,417.06,104.265,1
16817.0,2,9,1604.75,178.30555555555554,0
16818.0,10,11,3349.57,304.50636363636363,0
16820.0,95,1,497.61,497.61,1
16823.0,226,1,358.38,358.38,1
16824.0,15,2,460.64,230.32,0
16825.0,38,2,775.18,387.59,0
16826.0,50,1,341.7,341.7,0
16828.0,92,2,128.5,64.25,1
16829.0,156,1,197.22,197.22,1
16830.0,38,1,325.91,325.91,0
16832.0,183,3,199.15,66.38333333333334,1
16833.0,0,4,1106.53,276.6325,0
16834.0,227,1,413.46,413.46,1
16835.0,127,2,180.85,90.425,1
16836.0,39,2,251.87,125.935,0
16837.0,30,11,3170.98,288.2709090909091,0
16838.0,196,2,588.85,294.425,1
16839.0,8,34,16594.35,488.0691176470588,0
16841.0,36,6,1869.82,311.63666666666666,0
16842.0,100,3,1264.19,421.3966666666667,1
16843.0,42,16,10196.57,637.285625,0
16846.0,49,1,214.32,214.32,0
16847.0,42,1,193.44,193.44,0
16848.0,52,1,281.42,281.42,0
16849.0,186,1,124.57,124.57,1
16850.0,333,1,332.41,332.41,1
16851.0,3,3,342.45,114.15,0
16852.0,9,2,144.91,72.455,0
16855.0,23,2,328.40000000000003,164.20000000000002,0
16856.0,14,1,35.400000000000006,35.400000000000006,0
16858.0,368,1,375.69000000000005,375.69000000000005,1
16859.0,144,2,747.81,373.905,1
16861.0,59,2,173.76,86.88,0
16863.0,30,2,502.8,251.4,0
16866.0,140,3,207.74,69.24666666666667,1
16869.0,22,4,825.4200000000001,206.355,0
16871.0,21,6,2812.34,468.72333333333336,0
16872.0,76,3,680.02,226.6733333333333,0
16873.0,4,6,7123.62,1187.27,0
16875.0,66,5,2095.53,419.1060000000001,0
16877.0,11,6,853.72,142.28666666666666,0
16878.0,83,1,13.3,13.3,0
16880.0,30,7,1519.08,217.01142857142852,0
16881.0,66,1,432.0,432.0,0
16882.0,66,3,705.12,235.04,0
16883.0,186,2,276.73,138.365,1
16884.0,37,2,429.84,214.92,0
16885.0,14,3,471.51,157.17,0
16887.0,34,1,194.88,194.88,0
16889.0,194,3,1578.67,526.2233333333334,1
16891.0,1,5,809.7,161.94,0
16892.0,0,5,525.54,105.108,0
16893.0,366,1,145.93,145.93,1
16895.0,64,1,219.14,219.14,0
16897.0,298,2,289.78,144.89,1
16898.0,25,3,508.81,169.60333333333332,0
16899.0,7,6,1281.56,213.59333333333333,0
16900.0,16,3,887.11,295.7033333333333,0
16902.0,115,1,1706.88,1706.88,1
16903.0,28,1,373.24,373.24,0
16904.0,3,16,3754.27,234.641875,0
16905.0,4,7,3102.43,443.2042857142857,0
16906.0,81,4,579.77,144.9425,0
16907.0,28,5,981.65,196.33,0
16909.0,71,1,379.14,379.14,0
16910.0,3,8,1510.06,188.7575,0
16912.0,28,11,2575.38,234.12545454545452,0
16913.0,289,1,113.44,113.44,1
16914.0,35,1,208.46,208.46,0
16915.0,8,6,621.6800000000001,103.61333333333334,0
16916.0,23,2,576.26,288.13,0
16917.0,276,1,391.52,391.52,1
16918.0,49,6,1068.82,178.13666666666666,0
16919.0,155,11,2596.45,236.04090909090908,1
16921.0,60,1,169.79,169.79,0
16923.0,11,19,7247.61,381.4531578947368,0
16924.0,20,3,846.75,282.25,0
16926.0,370,1,230.25,230.25,1
16927.0,115,3,543.05,181.01666666666665,1
16928.0,79,17,2847.6,167.50588235294117,0
16929.0,3,7,1295.39,185.0557142857143,0
16930.0,25,3,380.55,126.85,0
16931.0,4,21,4604.22,219.24857142857144,0
16932.0,52,1,161.94,161.94,0
16933.0,0,2,563.23,281.615,0
16934.0,54,2,950.93,475.465,0
16936.0,25,1,262.68,262.68,0
16938.0,8,4,2736.38,684.095,0
16940.0,51,3,3049.88,1016.6266666666668,0
16942.0,12,9,1920.59,213.39888888888888,0
16943.0,211,3,816.73,272.24333333333334,1
16945.0,21,19,4345.5,228.71052631578948,0
16947.0,235,1,406.48,406.48,1
16948.0,138,3,435.02,145.00666666666666,1
16949.0,3,6,1286.27,214.37833333333333,0
16950.0,56,3,1178.56,392.8533333333333,0
16951.0,134,3,1277.75,425.9166666666667,1
16952.0,108,2,167.61,83.805,1
16953.0,29,1,20.8,20.8,0
16954.0,0,9,2085.08,231.67555555555555,0
16955.0,184,4,518.67,129.6675,1
16956.0,17,1,308.74,308.74,0
16957.0,238,2,416.64,208.32,1
16959.0,86,1,117.35,117.35,0
16960.0,38,3,507.05,169.01666666666668,0
16961.0,115,1,234.17,234.17,1
16963.0,186,1,110.55,110.55,1
16965.0,226,1,201.19,201.19,1
16966.0,7,7,2154.97,307.8528571428571,0
16967.0,188,1,319.02,319.02,1
16968.0,3,2,439.43,219.715,0
16969.0,38,3,650.41,216.8033333333333,0
16971.0,37,1,357.21,357.21,0
16976.0,266,1,251.52,251.52,1
16978.0,77,1,344.33,344.33,0
16979.0,3,6,1852.0,308.6666666666667,0
16980.0,254,2,1078.96,539.48,1
16982.0,60,1,384.06,384.06,0
16983.0,12,7,1931.25,275.8928571428572,0
16984.0,87,2,4481.35,2240.675,0
16985.0,16,10,5464.12,546.412,0
16986.0,29,2,1873.2,936.6,0
16987.0,2,7,1625.05,232.15,0
16988.0,4,1,126.12,126.12,0
16989.0,6,6,1133.25,188.875,0
16990.0,218,1,179.0,179.0,1
16992.0,10,5,1614.31,322.862,0
16996.0,29,6,1456.96,242.82666666666668,0
16997.0,287,3,702.0,234.0,1
16998.0,149,4,295.0,73.75,1
16999.0,22,2,484.82,242.41,0
17001.0,0,11,3989.57,362.6881818181818,0
17002.0,85,3,1493.73,497.91,0
17004.0,45,2,1412.94,706.47,0
17006.0,4,4,781.78,195.445,0
17007.0,50,6,889.9300000000001,148.3216666666667,0
17010.0,17,1,195.36,195.36,0
17011.0,29,1,270.9,270.9,0
17014.0,7,3,586.33,195.44333333333336,0
17015.0,28,3,1842.56,614.1866666666666,0
17017.0,2,20,8694.26,434.713,0
17018.0,40,2,920.1,460.05,0
17019.0,10,4,1272.61,318.1525,0
17022.0,30,1,71.0,71.0,0
17024.0,44,3,95.85,31.95,0
17025.0,60,3,357.77,119.25666666666666,0
17026.0,184,2,154.83,77.415,1
17027.0,78,6,890.29,148.38166666666666,0
17029.0,110,2,716.0,358.0,1
17030.0,63,1,146.87,146.87,0
17031.0,11,2,380.35,190.175,0
17033.0,85,3,1030.14,343.38000000000005,0
17034.0,15,3,745.52,248.50666666666663,0
17035.0,245,2,433.53,216.765,1
17037.0,87,1,1267.32,1267.32,0
17038.0,29,1,112.4,112.4,0
17040.0,137,1,449.73,449.73,1
17041.0,26,3,1081.57,360.5233333333333,0
17042.0,2,5,1044.38,208.87600000000003,0
17043.0,31,4,1735.18,433.795,0
17044.0,24,1,948.48,948.48,0
17045.0,112,3,339.44,113.14666666666666,1
17046.0,156,1,642.02,642.02,1
17047.0,84,3,1100.9,366.9666666666667,0
17048.0,117,3,925.35,308.45,1
17049.0,2,9,5659.9800000000005,628.8866666666668,0
17050.0,95,6,3228.84,538.14,1
17051.0,193,1,247.14,247.14,1
17052.0,27,1,413.75,413.75,0
17053.0,130,1,498.48,498.48,1
17054.0,27,5,1356.33,271.266,0
17058.0,81,3,1179.89,393.2966666666667,0
17059.0,29,5,3095.04,619.008,0
17060.0,265,1,234.24,234.24,1
17061.0,73,11,5232.2300000000005,475.6572727272728,0
17062.0,313,4,538.37,134.5925,1
17063.0,20,7,1461.14,208.73428571428573,0
17064.0,58,3,859.35,286.45,0
17068.0,11,21,4552.14,216.76857142857145,0
17069.0,27,9,2709.7000000000003,301.0777777777778,0
17070.0,113,1,312.14,312.14,1
17071.0,27,9,2429.03,269.89222222222224,0
17073.0,17,4,1446.09,361.5225,0
17075.0,17,4,834.12,208.53,0
17076.0,35,3,841.0799999999999,280.36,0
17078.0,35,2,378.2,189.1,0
17079.0,77,1,118.8,118.8,0
17080.0,21,2,287.62,143.81,0
17081.0,24,2,290.16,145.08,0
17082.0,32,2,2003.85,1001.925,0
17083.0,108,3,1405.78,468.5933333333333,1
17084.0,34,2,2949.75,1474.875,0
17085.0,122,5,1566.65,313.33000000000004,1
17086.0,6,6,2050.08,341.68,0
17088.0,27,4,1991.01,497.7525,0
17090.0,3,7,2043.95,291.99285714285713,0
17091.0,2,9,3827.76,425.3066666666667,0
17092.0,49,4,1777.78,444.445,0
17094.0,321,1,302.0,302.0,1
17095.0,22,3,1324.16,441.3866666666667,0
17096.0,14,4,1022.13,255.5325,0
17097.0,1,8,954.42,119.3025,0
17100.0,17,2,971.74,485.87,0
17101.0,9,4,1621.73,405.4325,0
17102.0,261,1,25.5,25.5,1
17105.0,158,2,665.78,332.89,1
17107.0,32,6,10815.43,1802.5716666666667,0
17109.0,28,6,885.04,147.50666666666666,0
17110.0,164,1,163.29999999999998,163.29999999999998,1
17111.0,46,1,248.61,248.61,0
17114.0,5,8,808.62,101.0775,0
17115.0,7,3,837.5,279.1666666666667,0
17117.0,287,1,116.2,116.2,1
17118.0,317,1,157.02,157.02,1
17119.0,2,2,606.91,303.455,0
17120.0,232,1,307.46,307.46,1
17122.0,118,1,138.32,138.32,1
17123.0,161,1,345.3,345.3,1
17124.0,184,1,298.89,298.89,1
17125.0,49,1,259.35,259.35,0
17126.0,151,5,1004.75,200.95,1
17128.0,334,1,157.09,157.09,1
17131.0,4,5,2463.17,492.634,0
17133.0,15,7,4892.240000000001,698.8914285714287,0
17134.0,106,2,425.0,212.5,1
17135.0,15,7,1139.73,162.81857142857143,0
17138.0,275,1,380.5,380.5,1
17139.0,15,12,10668.47,889.0391666666666,0
17140.0,246,1,465.32,465.32,1
17142.0,238,1,579.0,579.0,1
17144.0,0,2,984.57,492.285,0
17146.0,105,3,749.78,249.92666666666665,1
17147.0,22,4,1714.59,428.6475,0
17148.0,51,1,124.88,124.88,0
17152.0,194,3,1689.5,563.1666666666666,1
17153.0,23,1,213.78,213.78,0
17154.0,74,1,329.34,329.34,0
17155.0,17,2,251.7,125.85,0
17157.0,7,2,319.0,159.5,0
17158.0,31,3,1266.97,422.3233333333333,0
17159.0,21,3,1538.88,512.96,0
17160.0,30,6,3518.03,586.3383333333334,0
17162.0,28,10,1715.46,171.546,0
17163.0,21,2,293.1,146.55,0
17164.0,32,7,2467.35,352.4785714285714,0
17165.0,283,1,158.68,158.68,1
17166.0,38,2,206.34,103.17,0
17169.0,57,2,835.78,417.89,0
17171.0,288,1,224.91,224.91,1
17172.0,78,1,317.76,317.76,0
17173.0,4,8,3766.6,470.825,0
17174.0,217,1,59.9,59.9,1
17175.0,43,4,1443.69,360.9225,0
17176.0,201,1,306.13,306.13,1
17179.0,177,3,711.79,237.2633333333333,1
17180.0,55,4,796.03,199.0075,0
17181.0,56,2,239.92,119.96,0
17183.0,7,6,3347.31,557.885,0
17186.0,46,2,144.0,72.0,0
17187.0,226,1,203.95,203.95,1
17188.0,10,7,2474.23,353.4614285714286,0
17189.0,105,2,384.4,192.2,1
17190.0,58,2,444.74,222.37,0
17191.0,27,7,2095.13,299.3042857142857,0
17193.0,35,7,1699.3,242.75714285714284,0
17194.0,273,2,262.62,131.31,1
17197.0,29,1,1013.01,1013.01,0
17198.0,23,3,692.22,230.74,0
17201.0,53,1,342.63,342.63,0
17203.0,35,6,3563.85,593.975,0
17204.0,174,4,1564.56,391.14,1
17205.0,53,1,384.08,384.08,0
17206.0,52,1,204.24,204.24,0
17211.0,26,8,2317.2200000000003,289.65250000000003,0
17212.0,252,1,226.85,226.85,1
17213.0,39,7,2781.23,397.3185714285714,0
17214.0,59,6,1069.12,178.1866666666667,0
17217.0,233,1,113.5,113.5,1
17218.0,3,10,1960.72,196.072,0
17219.0,31,1,114.23,114.23,0
17220.0,23,14,3198.25,228.44642857142856,0
17221.0,6,2,335.13,167.565,0
17222.0,64,1,354.15,354.15,0
17223.0,309,2,426.79,213.395,1
17226.0,308,1,393.49,393.49,1
17227.0,18,6,939.32,156.55333333333334,0
17228.0,15,8,1906.09,238.26125,0
17229.0,95,2,318.76,159.38,1
17230.0,263,8,3638.41,454.80125,1
17231.0,11,10,3174.32,317.432,0
17232.0,2,2,421.52,210.76,0
17233.0,34,1,190.88,190.88,0
17234.0,182,1,149.89,149.89,1
17235.0,24,2,550.0600000000001,275.03000000000003,0
17236.0,12,6,916.13,152.68833333333333,0
17237.0,10,2,314.69,157.345,0
17238.0,2,17,3744.65,220.2735294117647,0
17239.0,312,1,382.5,382.5,1
17242.0,107,2,1135.04,567.52,1
17243.0,0,26,8676.85,333.725,0
17244.0,52,1,954.9,954.9,0
17245.0,204,1,171.45000000000002,171.45000000000002,1
17247.0,14,1,282.19,282.19,0
17248.0,119,1,318.65,318.65,1
17250.0,3,2,384.52,192.26,0
17251.0,362,1,283.28000000000003,283.28000000000003,1
17252.0,116,2,353.86,176.93,1
17253.0,17,1,178.26,178.26,0
17254.0,4,2,272.44,136.22,0
17255.0,40,2,298.41,149.205,0
17256.0,106,2,240.0,120.0,1
17259.0,147,2,603.37,301.685,1
17262.0,51,5,1253.36,250.67200000000005,0
17263.0,207,1,63.440000000000005,63.440000000000005,1
17265.0,138,2,562.9,281.45,1
17266.0,1,3,310.64,103.54666666666668,0
17267.0,126,2,317.62,158.81,1
17268.0,107,4,763.64,190.91,1
17272.0,41,4,2148.63,537.1575,0
17274.0,34,1,111.98,111.98,0
17277.0,227,2,1065.35,532.6750000000001,1
17278.0,240,1,246.04,246.04,1
17279.0,57,1,187.83,187.83,0
17282.0,129,3,1703.41,567.8033333333334,1
17284.0,59,6,1652.58,275.43,0
17286.0,21,1,153.92,153.92,0
17287.0,25,7,1064.11,152.01571428571427,0
17288.0,8,7,1419.73,202.81857142857143,0
17289.0,31,3,944.41,314.80333333333334,0
17290.0,3,2,525.24,262.62,0
17291.0,307,1,550.8000000000001,550.8000000000001,1
17293.0,7,9,1875.11,208.34555555555556,0
17295.0,28,3,556.95,185.65,0
17297.0,16,1,131.78,131.78,0
17298.0,100,2,498.42,249.21,1
17299.0,11,4,669.11,167.2775,0
17301.0,20,1,197.63,197.63,0
17302.0,14,5,1135.63,227.12600000000003,0
17303.0,360,1,250.04,250.04,1
17306.0,10,19,8631.31,454.2794736842105,0
17309.0,94,1,82.75,82.75,1
17311.0,77,2,1384.85,692.425,0
17312.0,138,3,644.3,214.76666666666665,1
17313.0,30,1,2328.84,2328.84,0
17314.0,24,8,2527.92,315.99,0
17315.0,1,38,6292.26,165.58578947368423,0
17317.0,45,3,2600.34,866.7800000000001,0
17320.0,99,3,1200.62,400.2066666666667,1
17321.0,7,2,700.86,350.43,0
17323.0,14,7,921.07,131.58142857142855,0
17324.0,17,4,990.23,247.5575,0
17325.0,279,1,96.8,96.8,1
17329.0,13,2,523.11,261.555,0
17330.0,22,2,363.9,181.95,0
17331.0,123,1,175.2,175.2,1
17333.0,85,1,494.25,494.25,0
17334.0,301,2,307.02000000000004,153.51000000000002,1
17337.0,150,4,2027.87,506.9675,1
17338.0,16,8,6643.93,830.49125,0
17339.0,93,2,243.36,121.68,1
17340.0,29,11,12353.29,1123.0263636363636,0
17341.0,156,3,781.36,260.4533333333333,1
17343.0,354,1,193.64,193.64,1
17344.0,45,1,160.57,160.57,0
17345.0,14,4,537.74,134.435,0
17346.0,3,15,2676.56,178.43733333333333,0
17347.0,85,1,228.96,228.96,0
17348.0,14,5,1159.52,231.904,0
17349.0,178,1,110.75,110.75,1
17350.0,7,4,1286.07,321.5175,0
17351.0,35,3,587.15,195.71666666666667,0
17353.0,128,2,1740.0,870.0,1
17354.0,50,1,1393.06,1393.06,0
17356.0,311,1,178.22,178.22,1
17357.0,23,2,388.14,194.07,0
17358.0,302,2,365.85,182.925,1
17359.0,10,1,127.86,127.86,0
17360.0,16,3,585.79,195.2633333333333,0
17361.0,48,3,488.2,162.73333333333332,0
17362.0,238,2,312.23,156.115,1
17364.0,0,11,4481.18,407.38000000000005,0
17365.0,12,8,4801.56,600.195,0
17367.0,237,1,168.4,168.4,1
17368.0,22,8,1912.67,239.08375,0
17370.0,72,4,446.18,111.545,0
17371.0,16,3,423.89,141.29666666666665,0
17372.0,40,8,1342.68,167.835,0
17373.0,39,4,646.92,161.73,0
17374.0,218,2,495.77,247.885,1
17375.0,198,3,400.1,133.36666666666667,1
17376.0,70,2,203.2,101.6,0
17377.0,23,20,4100.92,205.046,0
17379.0,10,1,404.66,404.66,0
17381.0,8,29,20275.61,699.1589655172414,0
17382.0,64,1,65.4,65.4,0
17383.0,3,1,199.29,199.29,0
17384.0,18,2,336.4,168.2,0
17385.0,14,1,261.11,261.11,0
17386.0,7,6,2686.42,447.7366666666667,0
17387.0,19,2,784.11,392.055,0
17388.0,77,4,1259.56,314.89,0
17389.0,0,34,31833.68,936.2847058823528,0
17391.0,163,2,508.8,254.4,1
17392.0,306,2,457.91,228.955,1
17394.0,218,1,203.87,203.87,1
17396.0,38,8,7330.8,916.35,0
17397.0,21,2,696.41,348.205,0
17398.0,114,3,653.38,217.7933333333333,1
17400.0,125,5,2129.96,425.992,1
17402.0,4,13,2633.85,202.60384615384612,0
17403.0,35,1,281.62,281.62,0
17404.0,3,15,31906.82,2127.121333333333,0
17405.0,0,3,1031.41,343.80333333333334,0
17406.0,332,3,2200.42,733.4733333333334,1
17408.0,162,1,32.65,32.65,1
17409.0,184,2,771.85,385.925,1
17410.0,15,5,1214.72,242.944,0
17411.0,11,3,778.94,259.6466666666667,0
17412.0,2,7,1258.06,179.72285714285712,0
17414.0,43,2,778.0,389.0,0
17415.0,79,1,507.84,507.84,0
17416.0,29,7,6893.42,984.7742857142856,0
17418.0,41,2,463.46,231.73,0
17419.0,10,12,4226.57,352.21416666666664,0
17420.0,49,3,598.83,199.61,0
17422.0,15,6,1979.37,329.895,0
17423.0,45,2,698.41,349.205,0
17425.0,18,2,759.1700000000001,379.585,0
17426.0,7,6,5037.26,839.5433333333334,0
17427.0,71,1,100.8,100.8,0
17428.0,0,28,17256.85,616.3160714285714,0
17429.0,127,3,524.9200000000001,174.97333333333336,1
17430.0,32,2,265.76,132.88,0
17431.0,312,1,403.3,403.3,1
17432.0,17,2,365.76,182.88,0
17433.0,87,1,303.16,303.16,0
17434.0,1,7,2373.82,339.1171428571429,0
17436.0,1,2,216.3,108.15,0
17438.0,253,1,388.4500000000001,388.4500000000001,1
17440.0,156,3,186.42,62.14000000000001,1
17442.0,36,6,2248.56,374.76,0
17443.0,219,1,534.24,534.24,1
17444.0,147,3,2940.04,980.0133333333332,1
17446.0,176,2,120.9,60.45,1
17447.0,39,2,541.53,270.765,0
17449.0,1,7,2520.86,360.1228571428572,0
17450.0,7,46,194550.79,4229.365,0
17451.0,0,7,1721.4,245.9142857142857,0
17453.0,17,2,486.72,243.36,0
17454.0,191,4,517.53,129.3825,1
17455.0,203,1,131.7,131.7,1
17456.0,364,1,249.86,249.86,1
17457.0,126,5,1737.7,347.54,1
17458.0,14,1,316.5,316.5,0
17459.0,42,2,657.3,328.65,0
17460.0,93,6,622.4300000000001,103.73833333333334,1
17461.0,22,3,757.46,252.48666666666668,0
17462.0,59,2,675.69,337.845,0
17463.0,15,5,1896.41,379.282,0
17464.0,157,1,289.96000000000004,289.96000000000004,1
17466.0,9,2,763.28,381.64,0
17468.0,9,2,137.0,68.5,0
17469.0,15,5,1870.97,374.194,0
17470.0,44,5,1125.07,225.014,0
17472.0,190,3,710.29,236.7633333333333,1
17475.0,78,1,194.37,194.37,0
17480.0,77,1,511.82,511.82,0
17481.0,3,4,1255.59,313.8975,0
17483.0,64,3,414.04,138.01333333333335,0
17486.0,260,1,396.87,396.87,1
17489.0,58,2,376.64,188.32,0
17490.0,0,7,2092.32,298.9028571428572,0
17491.0,0,10,3558.87,355.887,0
17492.0,247,1,374.57,374.57,1
17495.0,7,2,497.56,248.78,0
17496.0,358,1,271.05,271.05,1
17498.0,75,1,272.22,272.22,0
17499.0,289,1,622.88,622.88,1
17500.0,16,3,1138.0,379.3333333333333,0
17501.0,220,2,288.6,144.3,1
17502.0,8,4,689.1,172.275,0
17503.0,2,2,558.96,279.48,0
17504.0,205,9,2997.03,333.00333333333333,1
17505.0,161,2,1145.84,572.9200000000001,1
17506.0,75,1,302.2,302.2,0
17507.0,261,2,605.58,302.79,1
17508.0,280,1,387.31,387.31,1
17509.0,57,8,6115.14,764.3925,0
17510.0,24,1,308.48,308.48,0
17511.0,2,31,91062.38,2937.496129032258,0
17512.0,28,10,2924.99,292.499,0
17513.0,71,1,513.2,513.2,0
17514.0,127,1,208.65,208.65,1
17515.0,30,4,639.02,159.755,0
17516.0,14,5,768.08,153.616,0
17517.0,308,1,153.94,153.94,1
17519.0,16,6,1844.02,307.33666666666664,0
17520.0,53,1,546.81,546.81,0
17521.0,29,3,723.21,241.07,0
17522.0,1,5,1070.71,214.142,0
17523.0,10,4,652.74,163.185,0
17524.0,360,1,145.0,145.0,1
17525.0,359,1,422.7,422.7,1
17526.0,4,4,1195.9,298.975,0
17527.0,53,4,939.37,234.8425,0
17528.0,0,8,3628.5,453.5625,0
17530.0,0,10,2385.0,238.5,0
17531.0,189,1,296.7,296.7,1
17534.0,53,1,223.36,223.36,0
17535.0,279,1,164.4,164.4,1
17536.0,176,1,76.5,76.5,1
17537.0,29,2,897.62,448.81,0
17538.0,25,1,98.42,98.42,0
17540.0,24,2,578.9,289.45,0
17542.0,269,1,170.75,170.75,1
17545.0,42,3,645.96,215.32,0
17548.0,233,1,103.3,103.3,1
17549.0,23,2,148.86,74.43,0
17550.0,196,3,267.16,89.05333333333334,1
17551.0,358,1,306.84,306.84,1
17552.0,59,4,930.41,232.6025,0
17553.0,129,1,1487.6,1487.6,1
17554.0,0,5,1952.45,390.49,0
17555.0,19,2,483.26,241.63,0
17556.0,205,1,157.9,157.9,1
17557.0,13,3,541.46,180.48666666666668,0
17560.0,94,4,854.95,213.7375,1
17561.0,18,1,167.62,167.62,0
17562.0,13,7,1122.38,160.34,0
17564.0,23,3,454.01,151.33666666666667,0
17566.0,7,2,901.21,450.605,0
17567.0,6,8,4331.48,541.435,0
17569.0,331,1,344.14,344.14,1
17571.0,49,4,1498.51,374.6275,0
17572.0,70,4,226.75000000000003,56.68750000000001,0
17573.0,28,3,380.6,126.86666666666667,0
17574.0,242,1,185.65,185.65,1
17576.0,7,19,3622.68,190.66736842105263,0
17578.0,217,1,143.45999999999998,143.45999999999998,1
17579.0,4,3,448.9,149.63333333333335,0
17580.0,252,3,215.72,71.90666666666667,1
17581.0,0,25,11045.04,441.8016,0
17582.0,235,1,175.27,175.27,1
17584.0,6,2,1242.3,621.15,0
17585.0,108,4,1133.07,283.2675,1
17588.0,99,3,1240.2,413.4,1
17589.0,59,4,2404.17,601.0425,0
17590.0,1,3,1479.22,493.0733333333333,0
17591.0,72,7,2225.9700000000003,317.9957142857143,0
17593.0,3,5,3927.34,785.4680000000001,0
17594.0,84,2,993.18,496.59,0
17595.0,11,2,388.79,194.395,0
17596.0,22,7,2827.93,403.99,0
17597.0,213,1,2044.37,2044.37,1
17600.0,17,1,161.67000000000002,161.67000000000002,0
17601.0,238,1,116.01,116.01,1
17602.0,1,6,5102.97,850.495,0
17603.0,77,1,394.72,394.72,0
17604.0,216,2,309.36,154.68,1
17608.0,32,2,193.42,96.71,0
17609.0,40,5,1112.22,222.444,0
17611.0,6,15,3984.22,265.61466666666666,0
17612.0,52,6,2048.45,341.4083333333333,0
17613.0,22,14,4559.150000000001,325.65357142857147,0
17614.0,56,1,390.07,390.07,0
17615.0,129,3,329.6,109.86666666666667,1
17616.0,173,3,571.1999999999999,190.4,1
17618.0,5,3,971.58,323.86,0
17619.0,311,1,218.52,218.52,1
17620.0,59,1,81.44,81.44,0
17621.0,20,3,1379.9,459.9666666666667,0
17623.0,32,1,527.05,527.05,0
17624.0,14,2,843.48,421.74,0
17625.0,17,4,2047.0,511.75,0
17628.0,80,1,75.75,75.75,0
17629.0,5,8,1814.12,226.765,0
17630.0,169,2,503.6,251.8,1
17631.0,1,3,528.33,176.11,0
17633.0,30,4,1324.84,331.21,0
17634.0,35,9,2361.9700000000003,262.4411111111111,0
17636.0,18,1,285.56,285.56,0
17637.0,30,2,547.0600000000001,273.53000000000003,0
17639.0,275,1,108.5,108.5,1
17640.0,86,1,621.66,621.66,0
17642.0,119,2,712.29,356.145,1
17643.0,372,1,101.55,101.55,1
17644.0,0,11,2895.64,263.24,0
17646.0,218,3,1008.39,336.13,1
17647.0,64,1,133.06,133.06,0
17648.0,60,4,1797.5,449.375,0
17649.0,137,1,868.49,868.49,1
17650.0,20,1,166.07999999999998,166.07999999999998,0
17651.0,11,10,3945.0,394.5,0
17652.0,24,12,4867.72,405.6433333333334,0
17653.0,36,4,1207.56,301.89,0
17654.0,276,1,117.55,117.55,1
17655.0,10,7,2638.94,376.99142857142857,0
17656.0,72,5,1674.69,334.938,0
17658.0,25,2,595.42,297.71,0
17659.0,16,12,2999.46,249.955,0
17660.0,140,1,196.0,196.0,1
17663.0,25,7,1802.91,257.55857142857144,0
17664.0,18,2,604.64,302.32,0
17666.0,3,2,728.16,364.08,0
17667.0,65,5,2055.51,411.102,0
17668.0,0,2,347.75,173.875,0
17669.0,42,7,3406.7200000000003,486.67428571428576,0
17670.0,227,1,205.7,205.7,1
17671.0,15,4,1572.71,393.1775,0
17672.0,49,2,3178.17,1589.085,0
17673.0,1,6,1629.12,271.52,0
17674.0,73,2,551.04,275.52,0
17675.0,0,31,20374.28,657.2348387096774,0
17676.0,3,6,1387.68,231.28,0
17677.0,1,30,16363.23,545.441,0
17678.0,263,1,298.11,298.11,1
17679.0,52,2,1992.11,996.055,0
17680.0,23,1,184.4,184.4,0
17682.0,9,6,2474.33,412.3883333333333,0
17684.0,43,1,239.41,239.41,0
17685.0,16,7,3191.53,455.9328571428572,0
17686.0,6,7,5739.46,819.9228571428572,0
17690.0,29,15,4757.95,317.19666666666666,0
17691.0,357,2,290.40000000000003,145.20000000000002,1
17692.0,126,4,740.94,185.235,1
17693.0,136,1,200.47,200.47,1
17694.0,141,1,283.12,283.12,1
17695.0,131,2,765.34,382.67,1
17696.0,37,8,2285.71,285.71375,0
17697.0,235,1,338.95,338.95,1
17698.0,260,1,154.95,154.95,1
17700.0,16,4,2534.64,633.66,0
17701.0,252,1,417.95,417.95,1
17702.0,29,4,1824.37,456.0925,0
17703.0,34,3,798.74,266.24666666666667,0
17704.0,168,2,885.19,442.595,1
17705.0,2,9,1823.52,202.61333333333332,0
17706.0,3,17,10504.49,617.9111764705882,0
17707.0,184,2,152.4,76.2,1
17708.0,187,2,267.08,133.54,1
17709.0,169,1,137.45,137.45,1
17711.0,10,2,385.1,192.55,0
17712.0,44,1,522.91,522.91,0
17714.0,320,1,153.0,153.0,1
17715.0,200,1,326.4,326.4,1
17716.0,22,11,5655.99,514.180909090909,0
17718.0,231,1,139.35,139.35,1
17719.0,37,15,5396.04,359.736,0
17720.0,25,4,1195.94,298.985,0
17722.0,95,4,2424.04,606.01,1
17723.0,126,6,3276.4000000000005,546.0666666666667,1
17724.0,70,3,1033.0,344.3333333333333,0
17725.0,15,11,3439.08,312.64363636363635,0
17727.0,14,1,1060.25,1060.25,0
17728.0,3,3,2876.01,958.67,0
17730.0,2,13,5298.4800000000005,407.5753846153847,0
17731.0,78,4,1240.11,310.0275,0
17732.0,372,1,303.97,303.97,1
17733.0,38,2,692.19,346.095,0
17734.0,53,3,700.63,233.5433333333333,0
17735.0,1,19,13110.02,690.001052631579,0
17736.0,8,3,377.44,125.81333333333332,0
17737.0,8,2,168.24,84.12,0
17738.0,18,4,1879.05,469.7625,0
17739.0,11,7,2791.35,398.7642857142857,0
17742.0,112,2,355.11,177.555,1
17744.0,3,6,2322.4,387.06666666666666,0
17746.0,239,1,110.25,110.25,1
17747.0,112,1,71.4,71.4,1
17749.0,177,2,674.52,337.26,1
17750.0,4,9,1797.57,199.73,0
17752.0,358,1,80.64,80.64,1
17754.0,0,5,1772.26,354.452,0
17757.0,0,30,5605.29,186.843,0
17758.0,18,8,3456.7,432.0875,0
17759.0,16,3,834.99,278.33,0
17760.0,21,2,287.59,143.795,0
17761.0,32,1,712.78,712.78,0
17763.0,262,1,15.0,15.0,1
17764.0,50,2,818.82,409.41,0
17765.0,158,3,371.88,123.96,1
17767.0,14,1,271.2,271.2,0
17768.0,7,3,2273.1800000000003,757.7266666666668,0
17769.0,12,10,3997.98,399.798,0
17770.0,198,5,1143.27,228.654,1
17771.0,56,2,245.81,122.905,0
17772.0,10,2,182.77,91.385,0
17774.0,96,4,1225.41,306.3525,1
17775.0,254,1,56.4,56.4,1
17777.0,24,3,665.86,221.95333333333332,0
17779.0,20,3,658.57,219.5233333333333,0
17781.0,158,2,188.02,94.01,1
17783.0,71,2,283.47,141.735,0
17785.0,52,1,131.94,131.94,0
17786.0,84,2,278.74,139.37,0
17787.0,152,4,1865.19,466.2975,1
17788.0,73,2,1117.9,558.95,0
17789.0,280,1,225.9,225.9,1
17790.0,26,14,1965.55,140.39642857142857,0
17791.0,29,1,106.1,106.1,0
17793.0,24,1,323.04,323.04,0
17795.0,179,2,350.39,175.195,1
17796.0,39,4,697.9,174.475,0
17797.0,21,3,780.43,260.1433333333333,0
17799.0,21,10,3055.93,305.593,0
17800.0,36,9,1199.01,133.22333333333333,0
17802.0,81,3,1285.04,428.3466666666666,0
17805.0,73,1,512.31,512.31,0
17806.0,10,1,546.04,546.04,0
17809.0,15,12,5411.91,450.9925,0
17811.0,3,39,7837.73,200.9674358974359,0
17812.0,12,4,732.16,183.04,0
17813.0,13,5,1770.88,354.17600000000004,0
17816.0,36,4,36.56,9.14,0
17817.0,3,3,387.68,129.22666666666666,0
17819.0,71,7,3704.87,529.2671428571429,0
17824.0,50,1,298.4,298.4,0
17827.0,4,5,1995.46,399.092,0
17828.0,22,4,1820.09,455.0225,0
17829.0,298,1,889.24,889.24,1
17830.0,1,3,398.7,132.9,0
17831.0,32,1,35.400000000000006,35.400000000000006,0
17832.0,49,1,155.37,155.37,0
17835.0,2,3,350.64,116.88,0
17836.0,46,1,110.21,110.21,0
17837.0,41,8,1593.38,199.1725,0
17838.0,26,5,2779.3,555.86,0
17839.0,41,1,338.8,338.8,0
17841.0,1,124,40991.57,330.5771774193548,0
17843.0,302,1,205.48,205.48,1
17844.0,106,1,51.56,51.56,1
17846.0,84,1,2033.1,2033.1,0
17848.0,80,9,901.2,100.13333333333334,0
17849.0,217,4,605.8000000000001,151.45000000000002,1
17850.0,371,34,5391.21,158.565,1
17852.0,11,2,114.34,57.17,0
17854.0,184,2,311.26,155.63,1
17855.0,372,1,208.97,208.97,1
17856.0,1,4,1418.03,354.5075,0
17857.0,3,23,26879.04,1168.6539130434785,0
17858.0,5,12,5155.66,429.6383333333333,0
17859.0,304,1,148.21,148.21,1
17860.0,368,1,252.8,252.8,1
17861.0,2,8,2100.8,262.6,0
17862.0,323,1,330.9,330.9,1
17863.0,58,6,3160.0,526.6666666666666,0
17864.0,12,3,597.5,199.16666666666663,0
17865.0,30,20,10526.32,526.316,0
17866.0,142,1,329.65000000000003,329.65000000000003,1
17867.0,29,6,1197.1,199.51666666666668,0
17869.0,106,5,428.18,85.636,1
17870.0,1,12,1894.35,157.86249999999998,0
17871.0,204,1,155.9,155.9,1
17873.0,79,5,1859.16,371.832,0
17874.0,184,6,683.46,113.91,1
17877.0,169,1,237.61,237.61,1
17878.0,43,1,379.45,379.45,0
17879.0,173,1,178.52,178.52,1
17880.0,364,1,458.92,458.92,1
17881.0,303,1,133.35,133.35,1
17883.0,2,4,671.77,167.9425,0
17884.0,3,4,717.45,179.3625,0
17885.0,11,1,190.19,190.19,0
17886.0,31,3,899.61,299.87,0
17887.0,128,1,111.35,111.35,1
17888.0,20,8,726.05,90.75625,0
17889.0,211,2,203.87,101.935,1
17890.0,322,2,602.09,301.045,1
17891.0,161,1,203.86,203.86,1
17892.0,55,3,244.1,81.36666666666666,0
17893.0,224,1,112.25,112.25,1
17894.0,71,8,1119.81,139.97625,0
17895.0,43,1,98.0,98.0,0
17896.0,22,1,256.32,256.32,0
17897.0,172,3,566.6,188.86666666666667,1
17898.0,84,2,152.06,76.03,0
17899.0,158,1,155.8,155.8,1
17900.0,189,2,112.2,56.1,1
17901.0,28,1,110.38,110.38,0
17904.0,20,1,191.67,191.67,0
17905.0,70,4,800.24,200.06,0
17906.0,246,1,72.9,72.9,1
17908.0,373,1,243.28,243.28,1
17911.0,8,1,366.23,366.23,0
17912.0,309,5,311.01,62.202,1
17913.0,58,2,411.6,205.8,0
17914.0,3,1,336.43,336.43,0
17917.0,44,3,341.28,113.76,0
17919.0,87,1,1304.04,1304.04,0
17920.0,3,17,4204.1,247.3,0
17921.0,63,4,826.52,206.63,0
17923.0,281,1,207.50000000000003,207.50000000000003,1
17924.0,11,7,2962.5,423.2142857142857,0
17925.0,372,1,244.08,244.08,1
17926.0,132,2,397.29,198.645,1
17928.0,44,2,212.54,106.27,0
17929.0,10,4,843.0,210.75,0
17930.0,35,5,1740.48,348.096,0
17931.0,133,2,408.36,204.18,1
17932.0,28,3,1331.57,443.8566666666666,0
17934.0,51,2,704.25,352.125,0
17935.0,137,2,145.79,72.895,1
17936.0,4,1,389.84,389.84,0
17937.0,8,7,4301.22,614.46,0
17939.0,159,1,99.14,99.14,1
17940.0,48,10,4106.4400000000005,410.64400000000006,0
17941.0,130,1,304.56,304.56,1
17942.0,7,1,77.50000000000001,77.50000000000001,0
17946.0,232,2,149.57999999999998,74.78999999999999,1
17947.0,36,1,176.68,176.68,0
17948.0,146,1,358.56000000000006,358.56000000000006,1
17949.0,0,45,58510.48,1300.232888888889,0
17950.0,71,3,482.2,160.73333333333332,0
17951.0,39,3,1008.54,336.18,0
17954.0,4,12,2332.72,194.3933333333333,0
17955.0,198,4,557.3,139.325,1
17956.0,248,1,12.75,12.75,1
17957.0,65,1,111.68,111.68,0
17958.0,116,1,508.46,508.46,1
17960.0,170,1,73.78,73.78,1
17961.0,20,39,1296.44,33.242051282051285,0
17962.0,141,1,102.83,102.83,1
17964.0,31,2,471.7,235.85,0
17965.0,37,14,2622.57,187.32642857142855,0
17966.0,37,5,1098.43,219.686,0
17967.0,371,1,123.07,123.07,1
17968.0,373,1,277.35,277.35,1
17969.0,165,2,228.2,114.1,1
17970.0,210,1,582.59,582.59,1
17972.0,241,1,136.04,136.04,1
17973.0,51,1,337.04,337.04,0
17974.0,24,3,740.79,246.93,0
17975.0,14,13,4488.81,345.29307692307697,0
17976.0,371,1,353.19,353.19,1
17977.0,28,1,288.14,288.14,0
17978.0,364,1,300.92,300.92,1
17979.0,35,4,757.71,189.4275,0
17980.0,165,3,811.45,270.4833333333333,1
17984.0,144,1,152.68,152.68,1
17985.0,21,1,634.95,634.95,0
17986.0,55,1,20.8,20.8,0
17987.0,184,1,198.57,198.57,1
17988.0,11,7,201.12,28.731428571428573,0
17990.0,236,3,630.84,210.28,1
17991.0,224,2,93.35,46.675,1
17994.0,121,4,678.49,169.6225,1
17995.0,281,1,76.1,76.1,1
17997.0,73,8,1970.67,246.33375,0
17999.0,36,2,382.06,191.03,0
18001.0,11,2,417.23,208.615,0
18004.0,361,1,169.47,169.47,1
18005.0,3,2,249.72,124.86,0
18006.0,22,1,444.68,444.68,0
18008.0,69,9,2116.19,235.13222222222225,0
18009.0,234,1,257.34,257.34,1
18010.0,256,1,174.8,174.8,1
18011.0,372,1,102.79,102.79,1
18013.0,154,2,187.29,93.645,1
18014.0,27,1,166.42,166.42,0
18015.0,3,1,120.03,120.03,0
18016.0,31,5,1483.56,296.712,0
18017.0,80,3,523.0,174.33333333333334,0
18018.0,107,2,122.14,61.07,1
18019.0,51,1,38.45,38.45,0
18022.0,35,1,668.11,668.11,0
18024.0,152,2,389.78,194.89,1
18027.0,98,1,115.31,115.31,1
18030.0,3,2,230.65,115.325,0
18032.0,333,1,73.5,73.5,1
18033.0,64,1,97.97,97.97,0
18034.0,21,2,422.88,211.44,0
18035.0,35,3,730.4,243.46666666666667,0
18036.0,31,3,405.62,135.20666666666668,0
18037.0,153,6,70.02,11.67,1
18040.0,18,2,357.20000000000005,178.60000000000002,0
18041.0,11,21,4183.39,199.2090476190476,0
18042.0,53,1,165.04999999999998,165.04999999999998,0
18043.0,24,3,559.51,186.50333333333333,0
18044.0,3,10,2088.6,208.86,0
18045.0,44,1,189.4,189.4,0
18048.0,202,2,172.29000000000002,86.14500000000001,1
18050.0,358,1,74.4,74.4,1
18053.0,70,1,300.02,300.02,0
18055.0,6,10,6784.1900000000005,678.4190000000001,0
18056.0,287,1,363.65,363.65,1
18058.0,9,1,170.16,170.16,0
18059.0,22,3,306.46,102.15333333333332,0
18061.0,21,10,2119.41,211.941,0
18062.0,172,3,720.52,240.1733333333333,1
18064.0,132,2,814.0,407.0,1
18065.0,5,14,2392.83,170.91642857142855,0
18066.0,74,1,318.0,318.0,0
18067.0,39,1,396.33,396.33,0
18068.0,288,1,101.7,101.7,1
18069.0,25,5,2036.67,407.334,0
18071.0,257,2,453.0,226.5,1
18072.0,185,1,247.44,247.44,1
18073.0,113,12,3877.52,323.1266666666667,1
18074.0,373,1,489.6,489.6,1
18075.0,22,10,2611.75,261.175,0
18077.0,7,11,2633.01,239.36454545454544,0
18078.0,216,2,336.13,168.065,1
18079.0,44,4,3651.97,912.9925,0
18080.0,18,2,1231.5,615.75,0
18081.0,35,3,343.45,114.48333333333332,0
18082.0,25,1,703.37,703.37,0
18084.0,15,1,90.48,90.48,0
18085.0,329,2,689.95,344.975,1
18086.0,273,1,101.34,101.34,1
18087.0,97,2,4055.72,2027.86,1
18088.0,60,1,167.67000000000002,167.67000000000002,0
18092.0,1,11,9068.26,824.3872727272727,0
18093.0,92,4,2106.52,526.63,1
18094.0,81,7,3017.3,431.04285714285714,0
18095.0,312,2,580.05,290.025,1
18096.0,11,3,911.15,303.71666666666664,0
18097.0,7,6,2697.8,449.6333333333334,0
18099.0,126,1,168.31,168.31,1
18101.0,10,2,223.65,111.825,0
18102.0,0,60,259657.3,4327.621666666667,0
18104.0,36,1,754.64,754.64,0
18105.0,37,1,113.48000000000002,113.48000000000002,0
18106.0,329,1,430.7,430.7,1
18108.0,253,1,271.0,271.0,1
18109.0,1,26,8052.97,309.7296153846154,0
18110.0,19,1,236.3,236.3,0
18112.0,11,2,352.69,176.345,0
18113.0,368,1,76.32000000000001,76.32000000000001,1
18114.0,289,1,220.1,220.1,1
18116.0,67,8,1418.03,177.25375,0
18117.0,25,1,320.72,320.72,0
18118.0,10,26,5653.82,217.45461538461535,0
18119.0,367,1,181.12,181.12,1
18120.0,213,1,111.15,111.15,1
18121.0,148,2,673.1,336.55,1
18122.0,7,6,1826.21,304.36833333333334,0
18123.0,23,2,589.4399999999999,294.72,0
18125.0,29,4,1142.99,285.7475,0
18126.0,60,1,206.83,206.83,0
18127.0,18,3,348.73,116.24333333333334,0
18129.0,242,1,112.55,112.55,1
18130.0,14,3,1059.39,353.13000000000005,0
18133.0,211,1,931.5,931.5,1
18135.0,28,5,681.91,136.382,0
18136.0,62,3,784.33,261.4433333333333,0
18138.0,294,1,152.65,152.65,1
18139.0,17,6,8438.34,1406.39,0
18142.0,156,2,1019.52,509.76,1
18143.0,116,2,1000.16,500.08,1
18144.0,7,12,2888.75,240.72916666666663,0
18145.0,12,4,2861.55,715.3875,0
18146.0,140,2,160.35,80.175,1
18147.0,45,2,179.34,89.67,0
18149.0,50,3,612.0799999999999,204.02666666666664,0
18150.0,31,3,566.58,188.86,0
18151.0,134,2,653.35,326.675,1
18154.0,2,2,399.19,199.595,0
18155.0,74,3,371.62,123.87333333333332,0
18156.0,12,2,734.94,367.47,0
18158.0,8,2,453.4,226.7,0
18159.0,300,1,530.15,530.15,1
18160.0,56,2,638.0600000000001,319.03000000000003,0
18161.0,14,5,1618.69,323.738,0
18164.0,36,1,399.65,399.65,0
18165.0,176,1,302.46,302.46,1
18167.0,22,3,1384.86,461.62000000000006,0
18168.0,175,6,1169.94,194.99,1
18169.0,60,1,202.65,202.65,0
18170.0,32,3,980.31,326.77000000000004,0
18171.0,58,5,1231.31,246.262,0
18172.0,14,20,7561.68,378.084,0
18173.0,86,4,2106.84,526.71,0
18174.0,6,1,104.0,104.0,0
18176.0,357,1,476.35,476.35,1
18177.0,30,6,1341.42,223.57,0
18178.0,128,4,1590.81,397.7025,1
18179.0,8,6,1793.17,298.8616666666667,0
18180.0,4,6,1843.75,307.2916666666667,0
18181.0,23,1,382.8,382.8,0
18183.0,226,2,632.07,316.035,1
18184.0,14,1,49.8,49.8,0
18185.0,248,1,304.25,304.25,1
18188.0,14,3,2001.04,667.0133333333333,0
18189.0,77,2,1090.24,545.12,0
18190.0,191,2,284.46000000000004,142.23000000000002,1
18191.0,261,1,207.8,207.8,1
18192.0,71,1,957.97,957.97,0
18193.0,164,1,243.76,243.76,1
18194.0,81,1,973.84,973.84,0
18196.0,94,2,689.13,344.565,1
18198.0,3,17,5425.56,319.1505882352941,0
18200.0,105,1,163.8,163.8,1
18202.0,199,3,1396.99,465.66333333333336,1
18203.0,156,1,160.42000000000002,160.42000000000002,1
18204.0,70,3,1993.7,664.5666666666667,0
18205.0,35,2,517.36,258.68,0
18209.0,28,1,139.10000000000002,139.10000000000002,0
18210.0,1,6,2621.38,436.8966666666667,0
18211.0,25,5,600.07,120.014,0
18212.0,325,1,248.42,248.42,1
18213.0,236,1,232.48,232.48,1
18215.0,88,1,299.34000000000003,299.34000000000003,0
18216.0,30,1,481.75,481.75,0
18217.0,28,2,621.75,310.875,0
18218.0,210,2,662.08,331.04,1
18219.0,2,10,2069.77,206.977,0
18220.0,226,1,305.28,305.28,1
18221.0,21,5,1041.61,208.322,0
18222.0,92,1,443.0,443.0,1
18223.0,4,14,6484.54,463.18142857142857,0
18224.0,263,1,158.95000000000002,158.95000000000002,1
18225.0,2,12,5509.12,459.0933333333333,0
18226.0,43,11,5228.05,475.2772727272728,0
18227.0,217,1,93.75,93.75,1
18228.0,56,2,779.9,389.95,0
18229.0,11,20,7276.9,363.845,0
18230.0,8,7,2810.2000000000003,401.4571428571429,0
18231.0,191,5,2083.27,416.654,1
18232.0,81,4,592.97,148.2425,0
18233.0,325,1,440.0,440.0,1
18235.0,71,3,1796.48,598.8266666666667,0
18236.0,29,6,882.24,147.04,0
18237.0,2,5,987.1,197.42,0
18239.0,218,5,1561.61,312.322,1
18240.0,45,1,422.58,422.58,0
18241.0,9,17,2073.09,121.9464705882353,0
18242.0,71,4,2232.49,558.1225000000001,0
18245.0,6,7,2567.06,366.7228571428572,0
18246.0,23,2,596.1,298.05,0
18248.0,122,2,804.02,402.01,1
18249.0,16,1,95.34,95.34,0
18250.0,309,1,349.27,349.27,1
18251.0,86,1,4314.72,4314.72,0
18252.0,50,2,526.67,263.335,0
18255.0,88,1,103.3,103.3,0
18257.0,38,8,2337.63,292.20375,0
18259.0,24,3,2338.6,779.5333333333333,0
18260.0,172,6,2643.2000000000003,440.53333333333336,1
18261.0,42,2,324.24,162.12,0
18262.0,139,1,149.48,149.48,1
18263.0,25,3,1213.16,404.3866666666667,0
18265.0,71,2,801.51,400.755,0
18268.0,133,1,25.5,25.5,1
18269.0,365,1,168.60000000000002,168.60000000000002,1
18270.0,37,2,283.15000000000003,141.57500000000002,0
18272.0,2,6,3078.58,513.0966666666667,0
18273.0,1,3,204.0,68.0,0
18274.0,29,1,175.92,175.92,0
18276.0,43,1,335.86,335.86,0
18277.0,57,1,110.38,110.38,0
18278.0,73,1,173.9,173.9,0
18280.0,277,1,180.6,180.6,1
18281.0,180,1,80.82,80.82,1
18282.0,7,2,178.05,89.025,0
18283.0,3,16,2094.88,130.93,0
18287.0,42,3,1837.28,612.4266666666666,0
