CustomerID,recency_days,purchase_count,total_spent,avg_order_value
12346.0,325,1,77183.6,77183.6
12347.0,1,7,4310.0,615.7142857142857
12348.0,74,4,1797.24,449.31
12349.0,18,1,1757.55,1757.55
12350.0,309,1,334.40000000000003,334.40000000000003
12352.0,35,8,2506.04,313.255
12353.0,203,1,89.0,89.0
12354.0,231,1,1079.4,1079.4
12355.0,213,1,459.40000000000003,459.40000000000003
12356.0,22,3,2811.43,937.1433333333333
12357.0,32,1,6207.67,6207.67
12358.0,1,2,1168.06,584.03
12359.0,57,4,6372.58,1593.145
12360.0,51,3,2662.06,887.3533333333334
12361.0,286,1,189.9,189.9
12362.0,2,10,5226.2300000000005,522.623
12363.0,109,2,552.0,276.0
12364.0,7,4,1313.1,328.275
12365.0,290,2,641.38,320.69
12367.0,3,1,168.9,168.9
12370.0,50,4,3545.69,886.4225
12371.0,44,2,1887.96,943.98
12372.0,71,3,1298.04,432.68
12373.0,310,1,364.6,364.6
12374.0,24,1,742.9300000000001,742.9300000000001
12375.0,10,2,457.5,228.75
12377.0,314,2,1628.1200000000001,814.0600000000001
12378.0,129,1,4008.62,4008.62
12379.0,81,2,852.24,426.12
12380.0,21,4,2724.81,681.2025
12381.0,4,5,1845.31,369.062
12383.0,184,5,1850.56,370.11199999999997
12384.0,28,2,585.27,292.635
12386.0,337,2,401.9,200.95
12388.0,15,6,2780.6600000000003,463.4433333333334
12390.0,79,1,549.84,549.84
12391.0,21,1,460.89,460.89
12393.0,71,4,1582.6000000000001,395.65000000000003
12394.0,63,2,1272.48,636.24
12395.0,18,12,3018.63,251.5525
12397.0,35,2,2409.9,1204.95
12398.0,45,1,1635.6599999999999,1635.6599999999999
12399.0,118,4,1108.65,277.1625
12401.0,302,1,84.3,84.3
12402.0,322,1,225.60000000000002,225.60000000000002
12403.0,49,1,427.7,427.7
12405.0,148,1,1710.39,1710.39
12406.0,21,2,3415.3,1707.65
12407.0,49,5,1708.12,341.62399999999997
12408.0,32,5,2888.55,577.71
12409.0,78,3,11072.67,3690.89
12410.0,308,2,693.33,346.665
12412.0,74,3,1226.88,408.96000000000004
12413.0,66,3,758.1,252.70000000000002
12414.0,216,3,562.4100000000001,187.47000000000003
12415.0,23,21,124914.53,5948.310952380953
12417.0,2,9,3649.1,405.4555555555555
12418.0,112,1,668.58,668.58
12420.0,63,1,600.39,600.39
12421.0,15,4,807.04,201.76
12422.0,95,3,803.5600000000001,267.85333333333335
12423.0,0,8,1859.31,232.41375
12424.0,162,2,1760.96,880.48
12425.0,77,1,777.2,777.2
12426.0,194,1,582.73,582.73
12427.0,21,3,825.8000000000001,275.2666666666667
12428.0,25,9,7956.46,884.0511111111111
12429.0,8,4,3750.4,937.6
12430.0,42,1,256.4,256.4
12431.0,35,15,6487.45,432.49666666666667
12432.0,42,5,5059.32,1011.8639999999999
12433.0,0,7,13375.87,1910.8385714285716
12434.0,84,2,806.14,403.07
12435.0,79,2,7829.89,3914.945
12436.0,99,1,509.01,509.01
12437.0,1,18,4951.41,275.0783333333333
12438.0,13,2,2906.85,1453.425
12441.0,366,1,173.55,173.55
12442.0,2,1,172.06,172.06
12444.0,20,5,5005.46,1001.092
12445.0,21,1,133.4,133.4
12446.0,57,1,1002.3100000000001,1002.3100000000001
12447.0,242,1,476.49,476.49
12448.0,43,1,449.45,449.45
12449.0,21,4,4067.29,1016.8225
12450.0,155,2,197.88,98.94
12451.0,10,5,9035.52,1807.104
12452.0,16,2,430.57000000000005,215.28500000000003
12453.0,133,1,707.09,707.09
12454.0,55,1,3528.34,3528.34
12455.0,72,6,2466.86,411.1433333333334
12456.0,43,3,3181.04,1060.3466666666666
12457.0,65,7,2363.23,337.6042857142857
12458.0,70,2,947.4,473.7
12461.0,93,2,826.88,413.44
12462.0,18,2,1189.59,594.795
12463.0,52,4,1344.78,336.195
12464.0,9,8,1212.05,151.50625
12465.0,16,2,742.19,371.095
12468.0,187,2,729.54,364.77
12471.0,1,30,19824.05,660.8016666666666
12472.0,31,7,6572.11,938.8728571428571
12473.0,28,5,3938.55,787.71
12474.0,16,18,7375.79,409.7661111111111
12475.0,53,1,723.38,723.38
12476.0,15,11,6816.42,619.6745454545454
12477.0,22,6,13219.74,2203.29
12478.0,3,1,680.99,680.99
12479.0,10,1,527.2,527.2
12480.0,27,4,3281.63,820.4075
12481.0,22,10,5596.32,559.632
12483.0,16,8,2484.98,310.6225
12484.0,32,6,4541.72,756.9533333333334
12488.0,9,3,1298.66,432.8866666666667
12489.0,335,1,334.93,334.93
12490.0,4,10,5417.93,541.793
12491.0,38,1,460.40000000000003,460.40000000000003
12492.0,62,2,263.21000000000004,131.60500000000002
12493.0,165,2,433.74,216.87
12494.0,15,7,1246.1,178.0142857142857
12497.0,81,1,1043.1,1043.1
12498.0,20,3,403.70000000000005,134.5666666666667
12500.0,22,11,4257.82,387.07454545454544
12501.0,336,1,2169.39,2169.39
12502.0,95,5,3723.87,744.774
12504.0,17,2,482.04999999999995,241.02499999999998
12506.0,232,1,73.5,73.5
12507.0,133,3,1304.81,434.93666666666667
12508.0,25,2,398.27,199.135
12509.0,283,1,176.5,176.5
12510.0,142,2,982.5699999999999,491.28499999999997
12512.0,65,2,138.03,69.015
12513.0,112,1,612.29,612.29
12514.0,266,1,1017.6800000000001,1017.6800000000001
12515.0,352,1,383.7,383.7
12516.0,77,2,1312.06,656.03
12517.0,27,5,2502.84,500.56800000000004
12518.0,0,5,2056.89,411.378
12519.0,63,1,340.84000000000003,340.84000000000003
12520.0,78,5,2634.26,526.8520000000001
12521.0,142,1,599.68,599.68
12522.0,38,2,192.72,96.36
12523.0,18,11,1789.77,162.70636363636365
12524.0,8,8,4485.72,560.715
12526.0,0,3,1316.66,438.8866666666667
12527.0,81,3,348.71000000000004,116.23666666666668
12528.0,8,6,1933.48,322.24666666666667
12530.0,59,4,1662.28,415.57
12531.0,14,1,125.22,125.22
12532.0,29,1,349.83000000000004,349.83000000000004
12534.0,130,1,1089.18,1089.18
12535.0,91,2,716.35,358.175
12536.0,42,3,12601.830000000002,4200.610000000001
12538.0,28,1,363.95,363.95
12539.0,21,4,5568.35,1392.0875
12540.0,19,17,13400.24,788.2494117647059
12541.0,29,3,981.18,327.06
12544.0,35,1,372.7,372.7
12545.0,74,2,1000.39,500.195
12546.0,46,2,1161.5,580.75
12547.0,197,2,207.8,103.9
12548.0,165,1,95.19999999999999,95.19999999999999
12550.0,78,1,964.83,964.83
12551.0,357,1,168.0,168.0
12552.0,38,2,437.82,218.91
12553.0,7,10,3692.28,369.228
12556.0,49,2,603.71,301.855
12557.0,15,5,11990.960000000001,2398.192
12558.0,7,1,269.96,269.96
12559.0,310,2,561.71,280.855
12560.0,4,3,2134.01,711.3366666666667
12561.0,302,1,238.85,238.85
12562.0,7,7,3781.7400000000002,540.2485714285715
12564.0,260,1,456.90000000000003,456.90000000000003
12565.0,288,1,145.92000000000002,145.92000000000002
12566.0,85,1,351.65,351.65
12567.0,22,10,9401.28,940.128
12569.0,1,32,4124.6900000000005,128.89656250000002
12571.0,39,2,519.61,259.805
12572.0,8,2,1020.4200000000001,510.21000000000004
12573.0,226,1,160.54000000000002,160.54000000000002
12574.0,315,1,218.45000000000002,218.45000000000002
12576.0,35,5,1315.83,263.166
12577.0,34,3,657.8,219.26666666666665
12578.0,20,2,2794.51,1397.255
12579.0,77,1,440.42,440.42
12580.0,246,1,415.7,415.7
12581.0,39,1,197.71,197.71
12582.0,238,2,511.36,255.68
12583.0,2,15,7281.38,485.42533333333336
12584.0,3,9,2338.15,259.7944444444445
12585.0,233,2,2040.1,1020.05
12586.0,16,1,196.94000000000003,196.94000000000003
12587.0,7,1,144.0,144.0
12588.0,38,1,214.89999999999998,214.89999999999998
12589.0,28,2,646.68,323.34
12590.0,210,2,9864.26,4932.13
12591.0,316,1,452.84999999999997,452.84999999999997
12592.0,91,2,437.6,218.8
12593.0,108,3,418.1,139.36666666666667
12594.0,37,10,3338.2200000000003,333.822
12596.0,50,2,618.27,309.135
12597.0,18,4,3811.22,952.805
12598.0,9,8,3023.08,377.885
12599.0,28,7,1032.58,147.51142857142855
12600.0,28,10,2599.04,259.904
12601.0,189,5,577.0600000000001,115.412
12602.0,58,1,153.12,153.12
12603.0,21,1,739.1999999999999,739.1999999999999
12604.0,78,2,254.18,127.09
12607.0,59,1,1579.51,1579.51
12609.0,77,3,1126.85,375.6166666666666
12610.0,22,5,2099.54,419.908
12611.0,51,1,1193.32,1193.32
12612.0,73,1,704.04,704.04
12613.0,56,5,3344.38,668.876
12614.0,277,1,315.6,315.6
12615.0,1,4,2291.19,572.7975
12616.0,94,2,713.3,356.65
12617.0,28,1,355.53000000000003,355.53000000000003
12618.0,21,1,177.31,177.31
12619.0,15,9,3641.24,404.5822222222222
12620.0,14,3,1339.41,446.47
12621.0,1,20,13689.67,684.4835
12622.0,231,1,180.1,180.1
12623.0,275,1,305.1,305.1
12624.0,105,2,641.13,320.565
12625.0,211,2,2683.82,1341.91
12626.0,22,9,6620.4800000000005,735.6088888888889
12627.0,10,7,4478.53,639.79
12628.0,3,3,786.46,262.15333333333336
12630.0,9,2,1270.88,635.44
12631.0,56,1,640.5,640.5
12633.0,58,4,2163.98,540.995
12635.0,89,2,1689.18,844.59
12637.0,66,8,6021.9,752.7375
12638.0,32,1,671.69,671.69
12639.0,238,1,486.1,486.1
12640.0,23,3,1174.58,391.52666666666664
12641.0,114,1,185.9,185.9
12642.0,24,3,1013.26,337.75333333333333
12643.0,127,6,3344.64,557.4399999999999
12644.0,129,1,477.90999999999997,477.90999999999997
12645.0,33,4,1775.18,443.795
12646.0,4,2,1346.97,673.485
12647.0,21,12,3722.82,310.235
12648.0,154,1,318.05,318.05
12649.0,106,3,623.51,207.83666666666667
12650.0,2,1,314.44,314.44
12651.0,334,1,114.0,114.0
12652.0,330,1,919.98,919.98
12653.0,148,2,2209.85,1104.925
12654.0,10,5,601.98,120.396
12656.0,16,5,4051.17,810.234
12657.0,10,4,1643.18,410.795
12658.0,18,1,686.05,686.05
12659.0,29,1,91.68,91.68
12660.0,10,1,245.10000000000002,245.10000000000002
12662.0,0,11,3849.78,349.98
12664.0,7,9,4881.88,542.4311111111111
12665.0,324,1,63.0,63.0
12667.0,57,1,620.13,620.13
12668.0,11,4,3807.15,951.7875
12669.0,150,3,2744.0299999999997,914.6766666666666
12670.0,9,5,2996.05,599.21
12672.0,329,1,225.9,225.9
12673.0,4,2,610.52,305.26
12674.0,38,4,1970.6,492.65
12676.0,24,6,1331.39,221.89833333333334
12678.0,41,12,17628.46,1469.0383333333332
12679.0,58,4,1113.02,278.255
12680.0,0,4,862.81,215.7025
12681.0,14,22,13787.54,626.7063636363637
12682.0,3,31,12288.22,396.3941935483871
12683.0,3,15,8476.57,565.1046666666666
12684.0,7,7,2283.63,326.23285714285714
12685.0,27,6,2863.08,477.18
12686.0,371,1,89.14,89.14
12688.0,113,1,4873.81,4873.81
12689.0,25,2,1247.6100000000001,623.8050000000001
12690.0,205,1,389.01,389.01
12691.0,27,6,1035.8,172.63333333333333
12693.0,126,4,855.91,213.9775
12694.0,69,2,869.67,434.835
12695.0,6,4,582.1,145.525
12697.0,28,3,957.59,319.19666666666666
12700.0,7,4,4939.99,1234.9975
12701.0,79,2,797.71,398.855
12702.0,19,1,219.0,219.0
12703.0,70,1,283.55,283.55
12704.0,6,8,2340.84,292.605
12705.0,14,9,6868.29,763.1433333333333
12707.0,291,1,603.42,603.42
12708.0,29,10,2712.91,271.291
12709.0,14,15,9736.52,649.1013333333334
12710.0,96,3,1149.02,383.00666666666666
12712.0,28,13,4396.13,338.1638461538462
12713.0,0,1,848.55,848.55
12714.0,8,5,4708.86,941.7719999999999
12715.0,105,1,353.86,353.86
12716.0,3,2,1053.49,526.745
12717.0,150,2,1030.98,515.49
12718.0,70,1,238.25,238.25
12719.0,4,2,644.95,322.475
12720.0,2,25,5781.7300000000005,231.2692
12721.0,31,6,2656.13,442.68833333333333
12722.0,84,4,997.63,249.4075
12723.0,3,5,725.07,145.014
12724.0,4,4,1031.41,257.8525
12725.0,370,1,427.8,427.8
12726.0,27,7,2609.1,372.7285714285714
12727.0,10,7,3980.7000000000003,568.6714285714286
12728.0,70,4,836.33,209.0825
12729.0,113,1,453.01,453.01
12731.0,23,12,18895.91,1574.6591666666666
12732.0,179,1,236.26000000000002,236.26000000000002
12733.0,233,1,383.95,383.95
12734.0,352,1,110.39999999999999,110.39999999999999
12735.0,314,2,779.5699999999999,389.78499999999997
12736.0,332,1,234.0,234.0
12738.0,371,1,155.35,155.35
12739.0,77,2,1013.04,506.52
12740.0,63,1,427.6,427.6
12743.0,133,2,546.43,273.215
12744.0,51,7,21279.29,3039.8985714285714
12747.0,1,11,4196.01,381.4554545454546
12748.0,0,209,33719.73,161.3384210526316
12749.0,3,5,4090.88,818.176
12750.0,128,1,275.88,275.88
12752.0,80,1,4366.78,4366.78
12753.0,22,6,21429.39,3571.565
12754.0,235,3,3010.74,1003.5799999999999
12755.0,280,2,3811.9500000000003,1905.9750000000001
12756.0,86,1,112.08,112.08
12757.0,15,13,7857.1,604.3923076923077
12758.0,116,2,2791.59,1395.795
12759.0,51,3,1531.44,510.48
12762.0,7,2,1898.52,949.26
12763.0,137,2,494.08,247.04
12764.0,316,1,1693.88,1693.88
12766.0,3,7,6989.63,998.5185714285715
12769.0,238,1,1143.6,1143.6
12770.0,210,1,1351.45,1351.45
12772.0,59,1,892.47,892.47
12775.0,16,5,1386.04,277.20799999999997
12778.0,19,6,822.23,137.03833333333333
12779.0,37,8,3981.36,497.67
12781.0,63,2,826.74,413.37
12782.0,4,5,2330.92,466.184
12783.0,1,6,2225.91,370.98499999999996
12784.0,8,2,574.42,287.21
12785.0,363,1,311.95,311.95
12787.0,9,3,463.66,154.55333333333334
12789.0,64,1,91.85,91.85
12790.0,191,1,324.92,324.92
12791.0,373,1,192.60000000000002,192.60000000000002
12792.0,256,1,400.54,400.54
12793.0,334,2,545.48,272.74
12794.0,52,2,860.41,430.205
12795.0,18,1,430.48,430.48
12797.0,365,1,254.03,254.03
12798.0,9,3,6977.04,2325.68
12802.0,186,1,427.58,427.58
12808.0,36,3,483.65000000000003,161.21666666666667
12809.0,177,1,489.31,489.31
12811.0,260,3,514.85,171.61666666666667
12812.0,44,1,229.64000000000001,229.64000000000001
12814.0,101,1,125.92,125.92
12815.0,147,2,1063.46,531.73
12816.0,95,2,572.2,286.1
12817.0,280,1,166.04000000000002,166.04000000000002
12818.0,261,1,1542.08,1542.08
12820.0,2,4,942.34,235.585
12821.0,213,1,92.72,92.72
12822.0,70,2,948.88,474.44
12823.0,74,5,1759.5,351.9
12824.0,59,1,397.12,397.12
12826.0,2,7,1474.72,210.67428571428573
12827.0,5,3,430.15,143.38333333333333
12828.0,2,6,1018.71,169.785
12829.0,336,2,293.0,146.5
12830.0,37,6,6814.64,1135.7733333333333
12831.0,261,1,215.05,215.05
12832.0,31,2,383.03000000000003,191.51500000000001
12833.0,144,1,417.38,417.38
12834.0,282,1,312.38,312.38
12836.0,58,4,2612.86,653.215
12837.0,172,1,134.1,134.1
12838.0,33,2,683.13,341.565
12839.0,2,14,5591.42,399.38714285714286
12840.0,143,4,2726.77,681.6925
12841.0,4,25,4022.35,160.894
12842.0,69,2,1118.99,559.495
12843.0,65,8,1702.26,212.7825
12844.0,28,2,325.96000000000004,162.98000000000002
12845.0,266,4,354.09000000000003,88.52250000000001
12847.0,21,1,871.54,871.54
12849.0,30,2,1050.89,525.445
12851.0,96,1,135.18,135.18
12852.0,294,1,311.55,311.55
12853.0,134,6,1957.1000000000001,326.18333333333334
12854.0,78,3,1324.5,441.5
12855.0,372,1,38.1,38.1
12856.0,7,6,2179.93,363.32166666666666
12857.0,210,2,1106.4,553.2
12863.0,51,1,521.2,521.2
12864.0,137,1,147.12,147.12
12865.0,25,2,1568.23,784.115
12866.0,282,1,559.12,559.12
12867.0,25,7,4036.82,576.6885714285714
12868.0,185,6,1607.0600000000002,267.84333333333336
12871.0,83,2,380.64,190.32
12872.0,326,2,599.97,299.985
12873.0,281,1,374.0,374.0
12875.0,142,2,343.2300000000001,171.61500000000004
12876.0,57,2,2218.02,1109.01
12877.0,3,12,1535.77,127.98083333333334
12878.0,235,2,854.99,427.495
12879.0,44,3,573.22,191.07333333333335
12881.0,275,1,298.0,298.0
12882.0,8,2,1463.04,731.52
12883.0,24,4,703.47,175.8675
12884.0,87,1,309.05,309.05
12885.0,62,3,1175.22,391.74
12886.0,67,2,1378.4,689.2
12888.0,213,2,354.12,177.06
12890.0,23,1,380.46999999999997,380.46999999999997
12891.0,185,3,331.0,110.33333333333333
12893.0,30,1,188.14,188.14
12895.0,41,2,372.8,186.4
12897.0,204,2,216.5,108.25
12901.0,8,28,17654.54,630.5192857142857
12902.0,264,1,138.68,138.68
12904.0,17,2,509.58,254.79
12906.0,11,5,2919.81,583.962
12908.0,175,2,750.0,375.0
12909.0,39,5,2178.67,435.73400000000004
12910.0,22,8,3075.04,384.38
12912.0,2,5,1662.3,332.46
12913.0,4,5,2483.63,496.726
12915.0,148,2,363.65,181.825
12916.0,138,4,3006.15,751.5375
12917.0,127,1,594.0,594.0
12919.0,7,6,1335.19,222.53166666666667
12920.0,16,1,164.23,164.23
12921.0,8,37,16587.09,448.29972972972973
12922.0,160,1,405.38,405.38
12923.0,63,1,176.97,176.97
12924.0,87,4,933.7,233.425
12925.0,4,2,694.05,347.025
12928.0,34,5,2062.7,412.53999999999996
12929.0,311,1,117.85,117.85
12930.0,77,2,415.8,207.9
12931.0,21,15,42055.96,2803.730666666667
12933.0,23,3,607.53,202.51
12935.0,1,7,2160.7,308.6714285714285
12936.0,16,4,1063.9,265.975
12937.0,14,4,1504.27,376.0675
12938.0,25,1,114.14,114.14
12939.0,63,8,11581.8,1447.725
12940.0,54,2,913.54,456.77
12942.0,130,3,683.9,227.96666666666667
12944.0,35,2,604.51,302.255
12945.0,287,1,462.95,462.95
12947.0,143,6,1603.99,267.33166666666665
12948.0,15,7,2064.95,294.99285714285713
12949.0,30,8,4167.22,520.9025
12950.0,1,3,1843.0,614.3333333333334
12951.0,8,6,1064.07,177.345
12952.0,5,4,1387.79,346.9475
12953.0,9,1,329.85,329.85
12955.0,0,11,4757.16,432.4690909090909
12956.0,305,1,108.07,108.07
12957.0,9,8,4017.54,502.1925
12962.0,6,2,266.39,133.195
12963.0,7,8,1856.63,232.07875
12965.0,88,1,771.91,771.91
12966.0,9,1,160.18,160.18
12967.0,357,2,1660.9,830.45
12968.0,111,1,135.95,135.95
12970.0,6,4,452.24,113.06
12971.0,3,86,11189.91,130.11523255813952
12974.0,197,1,144.8,144.8
12976.0,211,1,738.6,738.6
12977.0,155,1,39.239999999999995,39.239999999999995
12980.0,157,9,7374.900000000001,819.4333333333334
12981.0,29,2,372.21999999999997,186.10999999999999
12982.0,242,1,390.54,390.54
12984.0,18,1,97.5,97.5
12985.0,0,2,1239.38,619.69
12987.0,73,2,558.7,279.35
12988.0,291,1,535.32,535.32
12989.0,2,15,6924.11,461.6073333333333
12990.0,30,3,409.5,136.5
12991.0,22,2,503.76,251.88
12993.0,22,4,414.76,103.69
12994.0,3,3,974.42,324.8066666666667
12995.0,84,1,211.32,211.32
12997.0,21,4,1226.89,306.7225
12999.0,195,3,455.88,151.96
13000.0,106,3,534.85,178.28333333333333
13001.0,3,13,9818.82,755.2938461538462
13002.0,317,1,120.95,120.95
13003.0,105,3,149.05,49.68333333333334
13004.0,11,18,5655.91,314.21722222222223
13005.0,173,2,513.7,256.85
13006.0,55,1,81.57,81.57
13008.0,322,1,229.47,229.47
13011.0,371,1,50.550000000000004,50.550000000000004
13012.0,8,8,1661.8400000000001,207.73000000000002
13013.0,0,13,4810.9400000000005,370.07230769230773
13014.0,10,10,3466.28,346.62800000000004
13015.0,52,5,3346.28,669.2560000000001
13016.0,72,3,789.89,263.2966666666667
13017.0,6,1,204.0,204.0
13018.0,15,28,7277.7,259.91785714285714
13021.0,3,9,2616.38,290.7088888888889
13023.0,63,2,689.9,344.95
13026.0,0,5,975.36,195.072
13027.0,113,6,6912.0,1152.0
13028.0,22,2,661.3199999999999,330.65999999999997
13029.0,30,3,1247.5,415.8333333333333
13030.0,10,2,799.48,399.74
13032.0,51,2,1010.1800000000001,505.09000000000003
13033.0,356,1,190.55,190.55
13034.0,54,2,642.77,321.385
13035.0,73,2,921.88,460.94
13037.0,137,3,881.07,293.69
13038.0,79,3,908.46,302.82
13040.0,8,2,676.99,338.495
13043.0,272,1,516.42,516.42
13044.0,290,1,560.47,560.47
13045.0,98,1,305.28000000000003,305.28000000000003
13046.0,30,2,629.31,314.655
13047.0,31,10,3237.54,323.754
13048.0,13,4,1835.91,458.9775
13049.0,63,2,656.6800000000001,328.34000000000003
13050.0,14,17,5836.86,343.3447058823529
13052.0,211,1,348.15000000000003,348.15000000000003
13055.0,77,3,1214.41,404.80333333333334
13058.0,24,3,271.40000000000003,90.46666666666668
13059.0,249,1,183.4,183.4
13060.0,253,1,307.53000000000003,307.53000000000003
13061.0,71,1,248.61,248.61
13062.0,190,1,346.98,346.98
13064.0,12,4,1119.49,279.8725
13065.0,372,1,205.86,205.86
13066.0,23,2,470.8,235.4
13067.0,81,1,115.46000000000001,115.46000000000001
13068.0,9,2,344.0,172.0
13069.0,0,24,4436.12,184.83833333333334
13070.0,191,1,228.8,228.8
13072.0,266,1,177.15,177.15
13075.0,129,1,919.61,919.61
13077.0,0,4,729.27,182.3175
13078.0,2,26,12627.94,485.69
13079.0,3,5,220.10000000000002,44.02
13080.0,178,1,58.08,58.08
13081.0,11,11,28337.38,2576.1254545454544
13082.0,125,9,3613.63,401.51444444444445
13083.0,3,2,303.75,151.875
13085.0,157,2,416.08,208.04
13089.0,2,97,58825.83,606.4518556701031
13090.0,8,14,8910.82,636.4871428571429
13091.0,27,1,345.82,345.82
13092.0,70,5,477.83,95.566
13093.0,275,8,7832.47,979.05875
13094.0,20,12,1927.3200000000002,160.61
13095.0,70,1,74.39999999999999,74.39999999999999
13097.0,32,10,6010.42,601.042
13098.0,0,28,28882.44,1031.5157142857142
13099.0,98,1,207.36,207.36
13101.0,233,1,101.19,101.19
13102.0,0,24,6424.09,267.67041666666665
13103.0,39,1,243.94,243.94
13104.0,2,6,1098.48,183.08
13106.0,132,1,76.5,76.5
13107.0,43,4,1531.6200000000001,382.90500000000003
13108.0,372,1,350.06,350.06
13109.0,59,2,786.54,393.27
13110.0,30,7,1488.67,212.66714285714286
13113.0,0,24,12245.960000000001,510.2483333333334
13115.0,11,4,2294.78,573.695
13116.0,137,1,501.14,501.14
13117.0,21,8,984.91,123.11375
13118.0,19,5,1197.81,239.56199999999998
13120.0,238,1,30.6,30.6
13121.0,268,1,283.73,283.73
13122.0,93,2,922.39,461.195
13124.0,89,3,3866.33,1288.7766666666666
13126.0,4,8,2099.64,262.455
13127.0,77,1,259.17,259.17
13130.0,93,1,64.0,64.0
13131.0,22,3,1073.3,357.76666666666665
13132.0,261,1,77.3,77.3
13133.0,273,2,109.8,54.9
13134.0,85,4,1793.58,448.395
13135.0,196,1,3096.0,3096.0
13136.0,55,5,2607.61,521.522
13137.0,10,8,3650.41,456.30125
13138.0,21,6,962.39,160.39833333333334
13139.0,15,7,5064.9400000000005,723.5628571428572
13140.0,107,3,423.72,141.24
13141.0,84,5,2388.75,477.75
13142.0,18,1,307.09000000000003,307.09000000000003
13144.0,332,1,110.95,110.95
13145.0,39,4,618.52,154.63
13146.0,25,1,228.91,228.91
13147.0,9,4,712.8,178.2
13148.0,28,12,3707.12,308.9266666666667
13149.0,13,4,1676.06,419.015
13151.0,295,1,1257.8700000000001,1257.8700000000001
13153.0,5,1,486.22,486.22
13155.0,32,4,971.76,242.94
13157.0,48,4,1741.22,435.305
13158.0,94,4,1201.06,300.265
13159.0,8,4,1437.85,359.4625
13160.0,21,1,91.8,91.8
13161.0,312,1,112.75,112.75
13162.0,121,4,1688.29,422.0725
13165.0,45,2,1021.48,510.74
13166.0,282,1,417.2,417.2
13167.0,18,4,791.33,197.8325
13168.0,35,4,1319.19,329.7975
13169.0,63,2,712.88,356.44
13170.0,26,1,116.00999999999999,116.00999999999999
13171.0,21,3,468.41,156.13666666666668
13173.0,3,2,353.65000000000003,176.82500000000002
13174.0,15,3,2817.03,939.0100000000001
13176.0,45,1,492.84,492.84
13177.0,64,1,282.45,282.45
13178.0,25,11,5725.47,520.4972727272727
13182.0,44,1,121.18,121.18
13183.0,7,9,3957.78,439.75333333333333
13184.0,14,10,1701.29,170.129
13185.0,267,1,71.4,71.4
13186.0,39,3,1575.89,525.2966666666667
13187.0,336,1,236.02,236.02
13188.0,10,1,114.6,114.6
13189.0,18,2,260.68,130.34
13192.0,94,2,911.94,455.97
13193.0,60,1,117.88,117.88
13194.0,135,1,60.7,60.7
13196.0,10,4,1797.78,449.445
13198.0,9,6,3401.2400000000002,566.8733333333333
13199.0,3,38,9817.12,258.34526315789475
13200.0,18,4,870.09,217.5225
13203.0,9,4,869.46,217.365
13207.0,14,2,250.26000000000002,125.13000000000001
13208.0,58,6,1223.9,203.98333333333335
13209.0,29,8,5891.61,736.45125
13210.0,93,1,353.48,353.48
13211.0,9,3,1197.42,399.14000000000004
13212.0,19,3,788.08,262.6933333333333
13213.0,56,5,1520.58,304.116
13216.0,267,1,333.74,333.74
13217.0,121,3,533.98,177.99333333333334
13218.0,126,1,62.64,62.64
13220.0,77,4,819.2900000000001,204.82250000000002
13221.0,239,2,847.41,423.705
13223.0,199,2,163.2,81.6
13224.0,59,2,2155.95,1077.975
13225.0,2,7,6463.84,923.4057142857143
13226.0,272,1,108.21000000000001,108.21000000000001
13227.0,201,1,257.7,257.7
13228.0,80,1,358.0,358.0
13229.0,225,1,160.95,160.95
13230.0,3,14,2806.97,200.49785714285713
13232.0,12,7,1357.6,193.94285714285712
13233.0,73,2,605.12,302.56
13235.0,211,1,1031.07,1031.07
13236.0,24,2,744.85,372.425
13238.0,16,4,700.73,175.1825
13239.0,261,1,329.56,329.56
13240.0,95,4,663.65,165.9125
13242.0,111,3,270.40000000000003,90.13333333333334
13243.0,202,1,600.07,600.07
13244.0,92,1,121.74000000000001,121.74000000000001
13245.0,50,1,430.5,430.5
13246.0,17,6,1987.3,331.21666666666664
13247.0,17,4,501.12,125.28
13248.0,124,2,465.68,232.84
13249.0,91,3,711.41,237.13666666666666
13253.0,156,2,1030.4,515.2
13255.0,8,2,399.51,199.755
13258.0,11,3,698.5799999999999,232.85999999999999
13259.0,61,1,292.32,292.32
13260.0,60,1,557.62,557.62
13261.0,268,2,944.1,472.05
13262.0,262,1,200.29,200.29
13263.0,0,35,7454.07,212.97342857142857
13265.0,52,5,2107.66,421.532
13266.0,10,12,3834.2599999999998,319.52166666666665
13267.0,2,19,4521.49,237.97315789473683
13268.0,17,11,3214.69,292.24454545454546
13269.0,0,15,5346.2300000000005,356.41533333333336
13270.0,365,1,590.0,590.0
13271.0,36,1,217.38,217.38
13272.0,30,2,276.56,138.28
13273.0,112,1,138.98,138.98
13276.0,63,2,590.9300000000001,295.46500000000003
13277.0,15,4,258.4,64.6
13278.0,40,1,542.73,542.73
13279.0,77,1,137.75,137.75
13280.0,121,3,814.86,271.62
13282.0,17,3,1132.14,377.38000000000005
13283.0,59,2,93.66,46.83
13284.0,330,1,201.19,201.19
13285.0,22,4,2709.12,677.28
13291.0,155,1,361.11,361.11
13292.0,38,2,578.94,289.47
13294.0,189,2,873.74,436.87
13295.0,359,1,201.20000000000002,201.20000000000002
13296.0,136,1,87.4,87.4
13297.0,7,4,2089.85,522.4625
13298.0,0,1,360.0,360.0
13299.0,267,1,142.5,142.5
13300.0,168,1,371.89,371.89
13301.0,103,4,618.09,154.5225
13302.0,154,1,63.75,63.75
13304.0,350,1,300.42,300.42
13305.0,3,10,2000.86,200.08599999999998
13307.0,119,1,15.0,15.0
13308.0,22,3,1385.51,461.83666666666664
13309.0,6,5,1456.79,291.358
13310.0,27,3,1132.03,377.3433333333333
13311.0,3,2,598.57,299.285
13313.0,21,5,1555.3200000000002,311.064
13314.0,1,3,775.94,258.6466666666667
13316.0,36,4,5977.73,1494.4325
13317.0,65,6,2273.68,378.94666666666666
13318.0,0,3,640.76,213.58666666666667
13319.0,4,26,10845.550000000001,417.1365384615385
13320.0,77,4,1548.7,387.175
13321.0,71,2,567.36,283.68
13322.0,16,1,199.48000000000002,199.48000000000002
13323.0,2,5,787.85,157.57
13324.0,35,10,7121.95,712.1949999999999
13325.0,81,1,675.3,675.3
13327.0,38,8,3627.77,453.47125
13328.0,315,1,1308.48,1308.48
13329.0,31,2,789.0,394.5
13330.0,92,3,1140.93,380.31
13332.0,13,1,350.90000000000003,350.90000000000003
13334.0,81,3,3536.82,1178.94
13336.0,76,1,795.12,795.12
13338.0,157,1,487.02,487.02
13339.0,200,1,860.12,860.12
13340.0,44,7,10736.48,1533.782857142857
13341.0,260,1,775.85,775.85
13343.0,177,1,353.43,353.43
13344.0,67,3,2543.7200000000003,847.9066666666668
13345.0,287,1,389.5,389.5
13347.0,69,1,341.36,341.36
13348.0,63,1,233.76000000000002,233.76000000000002
13349.0,10,1,247.32,247.32
13350.0,15,2,979.12,489.56
13351.0,65,1,373.94,373.94
13352.0,59,1,397.98,397.98
13354.0,70,1,743.53,743.53
13355.0,121,1,674.7,674.7
13356.0,79,1,768.24,768.24
13357.0,256,1,609.95,609.95
13358.0,268,1,439.03000000000003,439.03000000000003
13359.0,63,1,439.56,439.56
13362.0,8,4,3090.7400000000002,772.6850000000001
13363.0,17,2,992.5,496.25
13364.0,70,1,134.96,134.96
13365.0,33,2,2225.37,1112.685
13366.0,49,1,56.16,56.16
13368.0,256,2,623.4,311.7
13369.0,365,1,308.28000000000003,308.28000000000003
13370.0,371,1,754.87,754.87
13372.0,89,1,378.64,378.64
13373.0,60,3,3312.25,1104.0833333333333
13375.0,88,1,778.65,778.65
13376.0,98,3,1019.76,339.92
13379.0,25,3,572.56,190.85333333333332
13381.0,31,6,3639.31,606.5516666666666
13382.0,280,1,222.99,222.99
13384.0,30,7,4151.93,593.1328571428572
13385.0,329,1,534.57,534.57
13388.0,130,2,677.1,338.55
13389.0,10,3,797.96,265.9866666666667
13390.0,74,1,544.08,544.08
13391.0,203,1,59.8,59.8
13394.0,1,8,2520.02,315.0025
13395.0,184,1,307.72,307.72
13396.0,28,2,1360.99,680.495
13397.0,72,5,1544.13,308.826
13398.0,191,1,457.34000000000003,457.34000000000003
13402.0,126,2,621.23,310.615
13403.0,17,1,75.0,75.0
13404.0,0,2,252.49,126.245
13405.0,73,3,572.451,190.817
13408.0,1,62,28117.04,453.5006451612903
13410.0,23,5,1003.06,200.612
13411.0,106,1,213.55,213.55
13414.0,133,3,1390.5,463.5
13416.0,43,2,712.5,356.25
13417.0,4,2,640.83,320.415
13418.0,11,18,6127.43,340.4127777777778
13419.0,63,1,221.06,221.06
13420.0,149,2,159.85,79.925
13421.0,39,2,1851.08,925.54
13422.0,63,1,2626.3,2626.3
13425.0,107,3,1624.21,541.4033333333333
13426.0,0,10,3641.32,364.132
13427.0,18,3,582.6,194.20000000000002
13428.0,9,1,218.47,218.47
13429.0,10,4,1006.8,251.7
13430.0,18,2,679.45,339.725
13431.0,66,2,1269.1,634.55
13434.0,73,2,534.24,267.12
13435.0,4,7,3809.89,544.27
13436.0,1,1,196.89,196.89
13437.0,13,7,3408.06,486.86571428571426
13439.0,254,1,283.71,283.71
13441.0,91,1,296.64,296.64
13447.0,22,3,1129.14,376.38000000000005
13448.0,16,6,3539.3700000000003,589.8950000000001
13449.0,23,1,291.88,291.88
13450.0,26,6,2043.72,340.62
13451.0,25,5,2976.15,595.23
13452.0,258,2,590.0,295.0
13453.0,165,2,356.98,178.49
13455.0,24,2,1058.34,529.17
13456.0,17,6,1766.72,294.4533333333333
13458.0,6,14,9646.57,689.0407142857142
13460.0,28,2,183.44,91.72
13461.0,38,3,1445.0,481.6666666666667
13462.0,252,1,151.5,151.5
13464.0,57,1,674.68,674.68
13466.0,183,1,307.90000000000003,307.90000000000003
13467.0,10,2,1083.71,541.855
13468.0,1,37,5704.97,154.1883783783784
13470.0,98,2,165.0,82.5
13471.0,0,4,2531.58,632.895
13473.0,60,2,422.64,211.32
13474.0,235,1,229.59,229.59
13475.0,190,4,1431.78,357.945
13476.0,178,2,1238.47,619.235
13477.0,37,6,1454.58,242.42999999999998
13479.0,200,2,300.95,150.475
13481.0,45,5,1804.56,360.912
13482.0,231,1,184.64000000000001,184.64000000000001
13483.0,65,1,140.34,140.34
13484.0,240,1,313.8,313.8
13485.0,232,1,454.24,454.24
13486.0,77,3,1122.41,374.1366666666667
13487.0,57,3,575.4,191.79999999999998
13488.0,16,13,8968.31,689.87
13489.0,104,4,449.52,112.38
13491.0,51,10,1215.82,121.582
13492.0,135,3,1269.84,423.28
13493.0,274,2,618.63,309.315
13494.0,311,1,316.26000000000005,316.26000000000005
13495.0,7,5,2044.8700000000001,408.97400000000005
13496.0,10,2,653.33,326.665
13497.0,282,2,348.05,174.025
13499.0,17,5,1159.1100000000001,231.82200000000003
13500.0,22,3,1166.77,388.92333333333335
13501.0,287,1,1340.32,1340.32
13502.0,16,3,292.0,97.33333333333333
13503.0,70,1,216.85,216.85
13504.0,63,1,295.93,295.93
13505.0,72,4,4393.63,1098.4075
13506.0,315,2,458.52,229.26
13507.0,2,4,2479.16,619.79
13508.0,243,1,110.97,110.97
13509.0,8,7,979.72,139.96
13510.0,0,4,1791.56,447.89
13512.0,260,1,251.21,251.21
13513.0,126,1,205.1,205.1
13514.0,73,1,152.20000000000002,152.20000000000002
13515.0,72,4,891.12,222.78
13516.0,20,3,1389.41,463.1366666666667
13517.0,59,3,2128.42,709.4733333333334
13518.0,85,1,659.44,659.44
13519.0,77,1,122.75,122.75
13520.0,58,6,3624.35,604.0583333333333
13521.0,0,3,1093.65,364.55
13522.0,29,1,125.80000000000001,125.80000000000001
13523.0,32,5,3964.88,792.976
13524.0,40,5,680.1800000000001,136.036
13525.0,14,2,628.78,314.39
13527.0,33,7,2287.51,326.7871428571429
13529.0,78,2,307.76,153.88
13531.0,204,2,483.8,241.9
13532.0,33,1,210.31,210.31
13533.0,182,3,270.79,90.26333333333334
13534.0,1,25,5870.08,234.8032
13536.0,0,7,3448.29,492.61285714285714
13538.0,42,7,1280.85,182.97857142857143
13539.0,85,3,631.34,210.4466666666667
13544.0,39,2,291.41,145.705
13546.0,11,3,626.99,208.99666666666667
13548.0,95,2,682.41,341.205
13549.0,25,7,918.2,131.17142857142858
13551.0,318,1,91.80000000000001,91.80000000000001
13552.0,65,12,3740.07,311.6725
13555.0,73,4,4149.28,1037.32
13557.0,27,2,584.0600000000001,292.03000000000003
13558.0,5,4,605.06,151.265
13560.0,6,1,174.37,174.37
13561.0,215,1,141.85999999999999,141.85999999999999
13562.0,81,3,1799.3300000000002,599.7766666666668
13563.0,83,2,777.53,388.765
13564.0,143,3,1749.02,583.0066666666667
13565.0,18,2,240.22,120.11
13566.0,40,2,874.71,437.355
13568.0,172,1,192.85,192.85
13569.0,16,2,373.75,186.875
13570.0,242,1,239.49,239.49
13571.0,12,12,2092.32,174.36
13572.0,205,1,1384.25,1384.25
13573.0,49,2,294.40000000000003,147.20000000000002
13575.0,22,5,732.07,146.41400000000002
13576.0,9,18,6717.34,373.18555555555554
13577.0,24,4,1687.6000000000001,421.90000000000003
13579.0,14,2,467.04,233.52
13581.0,308,1,118.0,118.0
13583.0,155,1,781.03,781.03
13584.0,306,1,142.4,142.4
13587.0,63,1,712.4,712.4
13588.0,15,9,2478.95,275.43888888888887
13589.0,14,2,379.65,189.825
13590.0,10,6,1981.92,330.32
13591.0,64,3,1117.13,372.3766666666667
13592.0,35,4,247.95999999999998,61.989999999999995
13593.0,107,5,2037.0800000000002,407.41600000000005
13594.0,52,1,396.97,396.97
13596.0,5,2,697.04,348.52
13598.0,46,1,180.17000000000002,180.17000000000002
13599.0,0,21,5153.67,245.41285714285715
13600.0,311,1,219.52,219.52
13601.0,44,2,693.32,346.66
13602.0,64,1,428.89,428.89
13603.0,25,1,164.34,164.34
13606.0,28,3,280.54,93.51333333333334
13607.0,39,1,678.01,678.01
13610.0,11,7,1131.88,161.69714285714286
13611.0,88,3,1171.8,390.59999999999997
13614.0,23,4,1610.46,402.615
13615.0,318,1,417.69,417.69
13617.0,39,3,544.18,181.39333333333332
13618.0,173,1,177.34,177.34
13621.0,116,1,213.85,213.85
13623.0,30,5,747.78,149.55599999999998
13626.0,252,1,257.23,257.23
13627.0,58,5,1638.47,327.694
13629.0,22,11,7792.36,708.3963636363636
13630.0,4,7,2031.78,290.2542857142857
13631.0,99,11,3070.42,279.1290909090909
13632.0,24,5,2121.27,424.254
13634.0,32,5,1575.16,315.03200000000004
13635.0,67,1,1071.03,1071.03
13636.0,36,5,949.12,189.824
13637.0,51,3,810.5,270.1666666666667
13638.0,15,1,122.64,122.64
13639.0,73,1,1033.34,1033.34
13642.0,215,1,354.8,354.8
13643.0,30,3,519.44,173.14666666666668
13644.0,15,4,2624.26,656.065
13645.0,119,1,252.1,252.1
13647.0,9,4,1678.1200000000001,419.53000000000003
13649.0,256,2,346.6,173.3
13650.0,16,6,1836.3400000000001,306.0566666666667
13651.0,34,2,94.2,47.1
13652.0,45,3,1095.08,365.02666666666664
13654.0,42,6,2707.33,451.22166666666664
13655.0,113,2,932.97,466.485
13656.0,164,2,379.65,189.825
13657.0,10,2,382.14,191.07
13658.0,9,5,2639.17,527.8340000000001
13659.0,205,2,1573.2,786.6
13662.0,85,3,897.76,299.25333333333333
13663.0,178,1,189.47,189.47
13666.0,59,3,84.65,28.21666666666667
13667.0,148,1,305.02,305.02
13668.0,2,21,6363.59,303.02809523809526
13669.0,50,2,218.55,109.275
13670.0,74,1,349.7,349.7
13672.0,300,2,186.39000000000001,93.19500000000001
13673.0,18,2,396.92,198.46
13675.0,150,2,486.82000000000005,243.41000000000003
13678.0,151,1,232.6,232.6
13680.0,0,4,3722.42,930.605
13681.0,17,4,827.83,206.9575
13682.0,186,1,59.5,59.5
13684.0,285,1,67.23,67.23
13685.0,2,7,3119.44,445.63428571428574
13686.0,182,1,72.0,72.0
13689.0,62,1,910.0,910.0
13690.0,58,1,172.25,172.25
13692.0,24,3,1488.32,496.1066666666666
13694.0,3,50,65039.62,1300.7924
13695.0,30,15,2504.13,166.942
13697.0,38,1,151.3,151.3
13699.0,154,1,308.58000000000004,308.58000000000004
13700.0,25,10,2265.12,226.512
13703.0,317,1,99.5,99.5
13704.0,4,9,2308.06,256.4511111111111
13705.0,7,3,711.86,237.28666666666666
13706.0,302,1,330.79,330.79
13707.0,266,2,806.41,403.205
13708.0,270,1,296.88,296.88
13709.0,3,13,6328.05,486.7730769230769
13710.0,31,1,180.48,180.48
13711.0,218,2,252.06,126.03
13712.0,246,1,228.84,228.84
13715.0,280,5,1079.34,215.868
13716.0,268,1,138.28,138.28
13717.0,31,6,1445.01,240.835
13718.0,245,2,306.55,153.275
13719.0,14,5,1041.68,208.336
13720.0,116,4,799.9,199.975
13721.0,35,1,524.14,524.14
13722.0,131,3,2375.41,791.8033333333333
13723.0,216,1,199.85000000000002,199.85000000000002
13725.0,49,8,1980.56,247.57
13726.0,38,2,1079.66,539.83
13727.0,28,2,333.48,166.74
13728.0,36,6,1016.14,169.35666666666665
13730.0,135,2,752.6,376.3
13731.0,218,2,610.59,305.295
13732.0,27,1,491.86,491.86
13735.0,24,4,2885.2400000000002,721.3100000000001
13736.0,4,2,731.9,365.95
13737.0,199,1,339.6,339.6
13739.0,17,1,216.9,216.9
13740.0,240,1,350.75,350.75
13741.0,71,3,668.4300000000001,222.81000000000003
13742.0,16,12,3131.02,260.91833333333335
13743.0,2,7,1341.6,191.65714285714284
13744.0,94,2,1156.36,578.18
13745.0,161,1,300.04,300.04
13747.0,373,1,79.6,79.6
13748.0,95,5,948.25,189.65
13750.0,53,5,1647.26,329.452
13751.0,287,1,296.25,296.25
13752.0,123,6,1186.28,197.71333333333334
13753.0,287,1,741.26,741.26
13754.0,151,2,282.6,141.3
13755.0,3,9,2161.35,240.14999999999998
13756.0,1,14,5189.52,370.68
13758.0,11,7,3190.55,455.79285714285714
13759.0,32,2,659.4100000000001,329.70500000000004
13760.0,53,2,286.79,143.395
13761.0,49,2,1070.65,535.325
13762.0,218,1,306.72,306.72
13763.0,62,1,1714.96,1714.96
13764.0,70,3,1521.76,507.25333333333333
13767.0,1,37,17220.36,465.41513513513513
13769.0,1,10,2796.51,279.651
13771.0,63,4,2634.45,658.6125
13772.0,33,3,1132.13,377.3766666666667
13774.0,81,1,345.0,345.0
13777.0,0,33,25977.16,787.1866666666666
13778.0,102,1,178.7,178.7
13780.0,6,2,360.01,180.005
13781.0,250,1,127.84,127.84
13782.0,12,6,912.0,152.0
13784.0,9,11,2462.79,223.89
13786.0,366,1,230.4,230.4
13787.0,75,2,309.04,154.52
13790.0,3,1,348.79999999999995,348.79999999999995
13791.0,127,2,1516.0,758.0
13792.0,65,2,195.55,97.775
13798.0,0,57,37153.85,651.8219298245614
13799.0,116,2,688.86,344.43
13800.0,309,1,558.32,558.32
13801.0,66,1,324.8,324.8
13802.0,138,3,4599.42,1533.14
13803.0,254,1,277.07,277.07
13804.0,30,7,2635.79,376.5414285714286
13805.0,51,2,924.5999999999999,462.29999999999995
13806.0,63,1,256.38,256.38
13807.0,366,1,112.6,112.6
13808.0,5,5,1747.66,349.53200000000004
13809.0,304,1,155.05,155.05
13810.0,28,3,1499.01,499.67
13811.0,183,3,814.5,271.5
13812.0,41,3,539.0,179.66666666666666
13813.0,39,4,1366.8600000000001,341.71500000000003
13814.0,91,2,1579.12,789.56
13815.0,21,4,4027.36,1006.84
13816.0,23,2,571.6700000000001,285.83500000000004
13817.0,28,2,382.98,191.49
13819.0,301,3,1140.35,380.1166666666666
13821.0,144,2,385.64,192.82
13822.0,5,2,632.0,316.0
13823.0,18,2,957.66,478.83
13824.0,32,5,1698.94,339.788
13826.0,175,1,189.5,189.5
13827.0,57,3,412.05,137.35
13828.0,21,1,209.49,209.49
13831.0,15,6,2202.99,367.16499999999996
13832.0,18,1,52.2,52.2
13833.0,158,1,384.8,384.8
13835.0,24,4,834.57,208.6425
13837.0,211,2,271.24,135.62
13838.0,5,4,691.73,172.9325
13841.0,252,1,85.0,85.0
13842.0,58,9,3385.62,376.18
13844.0,10,1,361.62,361.62
13845.0,64,1,312.98,312.98
13846.0,24,3,865.0600000000001,288.35333333333335
13848.0,91,3,1255.0,418.3333333333333
13849.0,51,2,1537.95,768.975
13850.0,128,1,1595.48,1595.48
13851.0,95,3,2651.46,883.82
13853.0,56,1,1090.1399999999999,1090.1399999999999
13854.0,8,25,8109.5199999999995,324.38079999999997
13856.0,168,3,388.5,129.5
13858.0,56,1,216.17000000000002,216.17000000000002
13859.0,325,1,201.16,201.16
13860.0,0,5,1245.9,249.18
13862.0,17,8,2209.36,276.17
13863.0,247,1,305.78,305.78
13865.0,57,4,501.56,125.39
13866.0,73,1,145.67,145.67
13867.0,30,3,1015.29,338.43
13868.0,6,2,3192.54,1596.27
13869.0,122,4,3104.9500000000003,776.2375000000001
13870.0,1,8,2770.94,346.3675
13871.0,22,13,6403.25,492.5576923076923
13873.0,119,3,389.6,129.86666666666667
13874.0,357,1,540.45,540.45
13875.0,53,5,1786.79,357.358
13876.0,63,1,122.7,122.7
13877.0,85,1,117.24,117.24
13878.0,54,1,1281.53,1281.53
13880.0,20,13,3219.77,247.67461538461538
13881.0,3,20,17159.52,857.976
13882.0,2,5,1191.13,238.22600000000003
13883.0,10,5,2674.48,534.896
13884.0,6,5,787.6,157.52
13885.0,188,2,506.8,253.4
13886.0,70,1,243.56,243.56
13887.0,203,1,349.55,349.55
13888.0,119,2,605.63,302.815
13889.0,92,1,416.90000000000003,416.90000000000003
13890.0,0,10,1883.81,188.381
13892.0,26,4,632.97,158.2425
13893.0,297,1,821.1,821.1
13894.0,23,3,564.62,188.20666666666668
13895.0,27,4,2593.07,648.2675
13897.0,49,1,311.16,311.16
13898.0,325,1,155.93,155.93
13899.0,15,2,388.52,194.26
13900.0,182,3,740.95,246.98333333333335
13901.0,71,5,2867.2000000000003,573.44
13904.0,36,2,332.64,166.32
13908.0,79,4,2369.55,592.3875
13911.0,56,9,2580.91,286.7677777777778
13914.0,11,2,626.45,313.225
13917.0,49,2,272.04,136.02
13918.0,49,2,1212.8400000000001,606.4200000000001
13919.0,58,2,384.81,192.405
13922.0,351,1,172.25,172.25
13923.0,53,1,351.13,351.13
13924.0,1,6,1838.8500000000001,306.475
13925.0,92,4,678.25,169.5625
13926.0,22,1,223.85000000000002,223.85000000000002
13927.0,74,1,348.99,348.99
13928.0,10,4,464.57,116.1425
13929.0,168,2,842.65,421.325
13930.0,57,2,337.34,168.67
13931.0,95,2,1237.53,618.765
13932.0,294,1,307.4,307.4
13933.0,108,2,608.79,304.395
13934.0,263,1,922.1,922.1
13936.0,179,1,376.58,376.58
13937.0,168,1,158.85,158.85
13938.0,34,1,71.66,71.66
13939.0,22,3,568.55,189.51666666666665
13940.0,16,4,839.14,209.785
13941.0,21,5,5112.96,1022.592
13946.0,78,3,561.57,187.19000000000003
13947.0,64,1,90.60000000000001,90.60000000000001
13948.0,360,1,102.0,102.0
13949.0,2,6,2427.32,404.55333333333334
13950.0,10,4,745.0600000000001,186.26500000000001
13951.0,175,3,674.45,224.8166666666667
13952.0,217,2,3251.071,1625.5355
13953.0,6,7,3515.68,502.23999999999995
13954.0,1,2,439.92,219.96
13955.0,153,2,322.96,161.48
13956.0,4,5,1026.42,205.28400000000002
13959.0,78,3,598.2,199.4
13960.0,20,2,230.22,115.11
13962.0,21,2,169.54999999999998,84.77499999999999
13963.0,307,4,664.54,166.135
13967.0,145,1,80.7,80.7
13969.0,6,18,9053.94,502.99666666666667
13971.0,18,8,2758.26,344.7825
13972.0,70,2,190.25,95.125
13973.0,286,1,264.7,264.7
13974.0,48,1,413.59000000000003,413.59000000000003
13975.0,30,6,2526.28,421.0466666666667
13976.0,206,1,357.98,357.98
13978.0,14,2,196.79,98.395
13979.0,72,1,869.87,869.87
13980.0,59,1,200.14,200.14
13982.0,38,4,1871.81,467.9525
13983.0,29,12,2603.43,216.9525
13984.0,26,5,920.51,184.102
13985.0,3,15,7060.13,470.67533333333336
13986.0,16,1,320.46,320.46
13988.0,19,6,4147.96,691.3266666666667
13989.0,65,2,1266.08,633.04
13990.0,212,1,311.3,311.3
13991.0,11,6,855.97,142.66166666666666
13992.0,29,1,76.8,76.8
13993.0,42,9,3466.36,385.1511111111111
13994.0,3,6,2313.14,385.5233333333333
13995.0,14,5,1393.69,278.738
13999.0,9,12,3901.81,325.1508333333333
14000.0,210,1,635.66,635.66
14001.0,45,3,2043.0800000000002,681.0266666666668
14002.0,133,2,529.73,264.865
14004.0,42,7,4582.64,654.6628571428572
14005.0,9,5,2874.72,574.944
14006.0,115,3,962.19,320.73
14009.0,197,2,695.61,347.805
14012.0,277,1,328.8,328.8
14013.0,109,3,473.02,157.67333333333332
14014.0,76,1,505.18,505.18
14015.0,52,1,917.34,917.34
14016.0,161,4,4341.21,1085.3025
14019.0,46,3,1421.6100000000001,473.87000000000006
14020.0,16,2,642.8,321.4
14021.0,154,3,631.9,210.63333333333333
14022.0,224,1,440.0,440.0
14023.0,6,2,584.07,292.035
14024.0,121,2,327.7,163.85
14027.0,60,1,104.82,104.82
14029.0,62,2,467.66,233.83
14030.0,17,8,2360.09,295.01125
14031.0,6,19,17286.86,909.8347368421053
14032.0,1,11,2975.59,270.5081818181818
14034.0,21,3,651.8199999999999,217.2733333333333
14035.0,28,5,1428.02,285.604
14036.0,284,1,626.65,626.65
14037.0,175,2,147.20000000000002,73.60000000000001
14038.0,77,3,1560.38,520.1266666666667
14039.0,32,1,152.2,152.2
14040.0,40,12,3614.92,301.24333333333334
14041.0,265,1,141.41,141.41
14044.0,26,4,652.82,163.205
14045.0,108,4,1659.75,414.9375
14046.0,283,1,154.99,154.99
14047.0,8,5,1308.6100000000001,261.72200000000004
14048.0,304,1,409.93,409.93
14049.0,16,4,5681.72,1420.43
14050.0,31,2,746.36,373.18
14051.0,0,23,15610.390000000001,678.7126086956522
14052.0,19,1,225.35999999999999,225.35999999999999
14053.0,123,2,260.25,130.125
14054.0,64,1,92.46000000000001,92.46000000000001
14055.0,105,1,725.6400000000001,725.6400000000001
14056.0,0,23,8214.65,357.1586956521739
14057.0,23,17,6217.96,365.76235294117646
14059.0,266,1,183.6,183.6
14060.0,4,19,6140.42,323.18
14062.0,9,12,10464.85,872.0708333333333
14064.0,28,5,1353.74,270.748
14066.0,266,1,152.55,152.55
14067.0,63,2,374.7,187.35
14068.0,319,1,265.85,265.85
14071.0,3,8,1438.82,179.8525
14073.0,31,1,151.04,151.04
14075.0,4,3,942.26,314.08666666666664
14076.0,128,1,122.47,122.47
14077.0,40,5,499.42,99.884
14078.0,101,6,1049.37,174.89499999999998
14079.0,124,1,375.1,375.1
14080.0,32,1,45.599999999999994,45.599999999999994
14081.0,301,2,934.52,467.26
14082.0,364,1,182.25,182.25
14083.0,3,9,1018.43,113.15888888888888
14085.0,1,18,4448.54,247.14111111111112
14087.0,2,1,194.42,194.42
14088.0,9,13,50491.81,3883.9853846153846
14089.0,56,1,161.0,161.0
14090.0,324,1,76.32000000000001,76.32000000000001
14092.0,7,14,4076.9100000000003,291.20785714285716
14093.0,11,1,442.85,442.85
14096.0,3,17,65164.79,3833.2229411764706
14098.0,36,1,147.35,147.35
14099.0,15,11,3104.17,282.1972727272727
14100.0,137,1,194.9,194.9
14101.0,73,6,5976.79,996.1316666666667
14102.0,4,5,1360.28,272.056
14104.0,154,2,216.21,108.105
14105.0,238,1,1266.23,1266.23
14107.0,51,7,2703.23,386.17571428571426
14108.0,30,2,597.91,298.955
14109.0,72,1,144.2,144.2
14110.0,3,12,5683.15,473.5958333333333
14111.0,13,4,692.85,173.2125
14112.0,22,7,2915.15,416.45
14113.0,3,4,1840.42,460.105
14114.0,273,2,386.53,193.265
14116.0,19,5,1382.74,276.548
14117.0,143,1,90.0,90.0
14121.0,3,4,2780.15,695.0375
14124.0,83,1,419.58,419.58
14125.0,10,3,2740.43,913.4766666666666
14126.0,7,3,706.1300000000001,235.3766666666667
14127.0,122,3,709.71,236.57000000000002
14128.0,60,2,637.5,318.75
14129.0,1,5,1123.8600000000001,224.77200000000002
14130.0,318,1,483.86,483.86
14132.0,1,11,3586.03,326.00272727272727
14133.0,129,3,605.64,201.88
14135.0,1,15,4690.31,312.68733333333336
14138.0,1,2,982.38,491.19
14139.0,45,1,415.82,415.82
14140.0,3,2,935.05,467.525
14141.0,2,4,915.13,228.7825
14142.0,372,1,311.81,311.81
14143.0,133,1,115.8,115.8
14145.0,46,4,3742.2,935.55
14146.0,8,5,4191.0,838.2
14147.0,77,2,483.4,241.7
14148.0,233,1,157.2,157.2
14149.0,220,1,446.62,446.62
14150.0,35,2,658.64,329.32
14152.0,74,2,621.29,310.645
14154.0,238,2,1345.62,672.81
14155.0,265,1,118.75,118.75
14156.0,9,55,117379.63,2134.175090909091
14157.0,19,2,432.88,216.44
14158.0,39,1,507.65999999999997,507.65999999999997
14159.0,19,11,4693.01,426.6372727272728
14161.0,215,3,1110.52,370.17333333333335
14162.0,173,2,289.36,144.68
14163.0,86,4,2445.91,611.4775
14164.0,70,2,1631.77,815.885
14165.0,275,1,122.53999999999999,122.53999999999999
14167.0,38,4,574.84,143.71
14171.0,97,1,363.79,363.79
14173.0,10,4,450.84,112.71
14174.0,32,1,134.46,134.46
14175.0,59,3,3222.3,1074.1000000000001
14176.0,296,4,576.9000000000001,144.22500000000002
14177.0,85,4,559.41,139.8525
14178.0,8,7,1620.93,231.5614285714286
14179.0,40,2,719.78,359.89
14180.0,10,25,4748.52,189.94080000000002
14184.0,66,1,452.89,452.89
14185.0,330,1,197.65,197.65
14188.0,30,6,2054.36,342.3933333333334
14189.0,1,15,4654.08,310.272
14191.0,1,13,4684.76,360.36615384615385
14193.0,67,2,853.39,426.695
14194.0,4,21,11349.52,540.4533333333334
14195.0,201,2,1012.0,506.0
14196.0,106,1,335.52,335.52
14198.0,17,4,701.4,175.35
14199.0,217,1,185.39999999999998,185.39999999999998
14201.0,59,7,747.44,106.77714285714286
14204.0,1,1,161.03,161.03
14205.0,16,2,466.7,233.35
14206.0,238,1,328.15999999999997,328.15999999999997
14208.0,94,1,151.74,151.74
14209.0,10,6,2073.43,345.57166666666666
14210.0,105,6,1905.8400000000001,317.64000000000004
14211.0,52,9,2241.1,249.0111111111111
14212.0,89,1,1070.48,1070.48
14214.0,30,5,1004.38,200.876
14215.0,11,6,1789.72,298.2866666666667
14216.0,2,4,1839.3,459.825
14217.0,1,17,2004.98,117.94
14218.0,42,1,169.48000000000002,169.48000000000002
14219.0,3,1,89.94,89.94
14220.0,246,2,632.4000000000001,316.20000000000005
14221.0,41,9,3432.8,381.4222222222222
14222.0,176,1,683.17,683.17
14223.0,91,3,991.13,330.37666666666667
14224.0,109,4,1050.1200000000001,262.53000000000003
14226.0,28,5,2232.19,446.438
14227.0,25,10,3350.96,335.096
14229.0,51,3,1547.2,515.7333333333333
14231.0,183,3,925.71,308.57
14232.0,42,5,2048.07,409.61400000000003
14233.0,48,4,1462.72,365.68
14234.0,21,4,775.46,193.865
14235.0,74,5,3144.86,628.972
14236.0,80,2,490.86,245.43
14237.0,372,1,161.0,161.0
14238.0,325,1,146.85,146.85
14239.0,42,11,2380.85,216.4409090909091
14240.0,29,2,890.34,445.17
14241.0,183,1,213.70000000000002,213.70000000000002
14242.0,234,2,280.55,140.275
14243.0,8,10,2588.77,258.877
14245.0,219,2,1693.45,846.725
14246.0,110,3,1474.06,491.3533333333333
14247.0,277,1,136.77,136.77
14248.0,317,1,302.58,302.58
14250.0,6,3,1904.05,634.6833333333333
14251.0,1,5,2879.7000000000003,575.94
14256.0,259,2,969.0600000000001,484.53000000000003
14257.0,63,5,3099.7200000000003,619.9440000000001
14258.0,8,9,12669.98,1407.7755555555555
14259.0,141,1,120.0,120.0
14261.0,50,2,1163.45,581.725
14262.0,7,8,2618.23,327.27875
14264.0,154,2,333.97,166.985
14265.0,108,2,530.18,265.09
14267.0,162,3,1516.24,505.41333333333336
14270.0,331,1,492.65000000000003,492.65000000000003
14271.0,225,1,112.32000000000001,112.32000000000001
14272.0,73,2,437.96,218.98
14273.0,50,4,559.97,139.9925
14276.0,98,3,1119.74,373.24666666666667
14277.0,14,3,4216.2,1405.3999999999999
14280.0,196,1,134.04,134.04
14282.0,2,15,3729.34,248.62266666666667
14284.0,30,2,595.25,297.625
14285.0,20,4,1910.01,477.5025
14286.0,23,3,4628.75,1542.9166666666667
14287.0,7,3,176.63,58.876666666666665
14288.0,212,1,426.6,426.6
14289.0,8,6,911.26,151.87666666666667
14290.0,10,5,2314.65,462.93
14291.0,1,11,3883.25,353.02272727272725
14292.0,7,9,4871.93,541.3255555555556
14293.0,2,4,1046.56,261.64
14295.0,39,1,166.20000000000002,166.20000000000002
14297.0,17,4,1305.33,326.3325
14298.0,7,44,51527.3,1171.075
14299.0,7,9,3965.62,440.6244444444444
14300.0,18,1,43.2,43.2
14301.0,116,1,640.14,640.14
14304.0,222,1,383.45,383.45
14305.0,70,3,1858.96,619.6533333333333
14306.0,50,2,2093.32,1046.66
14307.0,88,6,2995.7200000000003,499.2866666666667
14309.0,7,9,2352.53,261.39222222222224
14311.0,242,1,310.26,310.26
14312.0,46,6,1611.5900000000001,268.59833333333336
14314.0,106,1,120.0,120.0
14315.0,44,6,2481.13,413.5216666666667
14317.0,64,1,508.58,508.58
14320.0,206,2,477.79,238.895
14321.0,10,5,1530.75,306.15
14323.0,114,2,605.0600000000001,302.53000000000003
14326.0,241,1,183.85,183.85
14327.0,162,1,311.65000000000003,311.65000000000003
14329.0,16,7,5014.84,716.4057142857143
14331.0,123,2,462.66,231.33
14332.0,22,3,866.3100000000001,288.77000000000004
14333.0,67,1,415.2,415.2
14334.0,16,8,2552.21,319.02625
14335.0,15,2,468.26,234.13
14336.0,16,4,1614.91,403.7275
14338.0,160,2,588.22,294.11
14339.0,242,1,309.52000000000004,309.52000000000004
14340.0,218,1,134.7,134.7
14341.0,44,8,2182.28,272.785
14342.0,20,4,668.5600000000001,167.14000000000001
14344.0,126,8,889.9300000000001,111.24125000000001
14345.0,38,1,108.98,108.98
14346.0,120,2,1021.58,510.79
14348.0,259,1,409.57,409.57
14349.0,9,1,133.5,133.5
14350.0,273,1,282.93,282.93
14351.0,164,1,51.0,51.0
14352.0,156,4,1078.96,269.74
14353.0,214,1,90.6,90.6
14354.0,5,2,163.62,81.81
14355.0,365,1,174.4,174.4
14356.0,79,2,701.23,350.615
14357.0,42,1,225.77,225.77
14359.0,18,3,912.1800000000001,304.06
14360.0,31,4,2128.23,532.0575
14362.0,21,1,161.2,161.2
14364.0,108,8,3717.35,464.66875
14367.0,7,16,9261.52,578.845
14368.0,319,1,155.0,155.0
14371.0,294,1,100.5,100.5
14373.0,357,1,76.55,76.55
14375.0,184,1,257.68,257.68
14377.0,190,2,617.05,308.525
14379.0,43,2,348.1,174.05
14381.0,51,1,202.68,202.68
14382.0,25,1,626.07,626.07
14383.0,37,3,1247.69,415.8966666666667
14385.0,8,3,202.10999999999999,67.36999999999999
14386.0,296,1,142.4,142.4
14387.0,32,3,1770.56,590.1866666666666
14388.0,9,8,3212.84,401.605
14389.0,64,2,1043.46,521.73
14390.0,9,9,4652.82,516.98
14393.0,217,1,67.95,67.95
14395.0,1,9,3507.71,389.74555555555554
14396.0,64,2,487.99,243.995
14397.0,2,19,2612.96,137.52421052631578
14400.0,148,1,574.7,574.7
14401.0,3,13,4051.48,311.6523076923077
14403.0,129,4,1475.81,368.9525
14404.0,33,6,1474.32,245.72
14406.0,118,1,156.75,156.75
14407.0,106,6,2157.73,359.62166666666667
14408.0,10,7,2606.53,372.3614285714286
14409.0,70,6,2059.4500000000003,343.24166666666673
14410.0,91,9,1105.07,122.78555555555555
14411.0,310,1,1063.0,1063.0
14412.0,42,2,770.03,385.015
14413.0,361,1,122.7,122.7
14414.0,91,7,1496.98,213.8542857142857
14415.0,0,13,5900.28,453.86769230769227
14416.0,21,2,490.22,245.11
14418.0,3,3,1937.25,645.75
14419.0,10,6,1058.06,176.34333333333333
14420.0,98,1,387.52,387.52
14421.0,56,2,813.11,406.555
14422.0,0,6,4263.64,710.6066666666667
14423.0,217,1,265.2,265.2
14424.0,17,1,322.08,322.08
14426.0,23,10,4481.67,448.16700000000003
14427.0,49,2,363.34000000000003,181.67000000000002
14428.0,6,5,1244.83,248.96599999999998
14431.0,302,1,470.36,470.36
14432.0,9,6,2255.51,375.91833333333335
14434.0,21,6,1372.8,228.79999999999998
14436.0,98,1,89.06,89.06
14437.0,365,1,63.0,63.0
14438.0,305,1,131.9,131.9
14439.0,319,1,2661.24,2661.24
14440.0,7,5,2357.68,471.53599999999994
14441.0,0,4,1712.89,428.2225
14442.0,204,2,1589.82,794.91
14443.0,53,4,1420.2,355.05
14446.0,0,4,1039.58,259.895
14447.0,18,5,1163.23,232.64600000000002
14448.0,8,2,375.35,187.675
14449.0,18,4,907.1,226.775
14450.0,180,3,483.25,161.08333333333334
14451.0,59,2,662.59,331.295
14452.0,10,2,264.44,132.22
14453.0,189,1,119.93,119.93
14456.0,4,9,3062.4,340.26666666666665
14457.0,310,1,113.64,113.64
14459.0,154,1,1837.92,1837.92
14460.0,109,3,434.34,144.78
14461.0,147,3,2103.06,701.02
14462.0,65,11,2004.02,182.18363636363637
14463.0,97,3,529.62,176.54
14465.0,246,3,1058.6200000000001,352.8733333333334
14466.0,28,7,2272.4,324.62857142857143
14467.0,17,4,598.76,149.69
14470.0,11,2,461.19,230.595
14472.0,103,8,1936.84,242.105
14473.0,73,2,234.34,117.17
14474.0,45,1,547.66,547.66
14475.0,71,3,925.85,308.6166666666667
14476.0,256,1,215.7,215.7
14477.0,19,4,1309.6,327.4
14479.0,253,2,316.25,158.125
14480.0,10,1,279.05,279.05
14481.0,164,2,636.51,318.255
14482.0,17,6,2068.15,344.69166666666666
14483.0,281,1,137.1,137.1
14484.0,49,1,321.92,321.92
14485.0,38,1,165.75,165.75
14487.0,26,6,1196.33,199.38833333333332
14488.0,67,1,1064.28,1064.28
14489.0,206,1,463.38,463.38
14491.0,174,2,340.93,170.465
14493.0,6,5,2383.2400000000002,476.648
14494.0,25,1,139.56,139.56
14495.0,50,2,123.80000000000001,61.900000000000006
14496.0,311,2,538.8100000000001,269.40500000000003
14497.0,308,1,475.37,475.37
14498.0,42,5,1957.32,391.464
14499.0,25,3,815.32,271.77333333333337
14500.0,87,3,356.85,118.95
14501.0,183,2,251.21,125.605
14502.0,19,11,2470.67,224.60636363636365
14503.0,2,6,3543.26,590.5433333333334
14504.0,46,4,673.26,168.315
14505.0,16,8,5905.64,738.205
14506.0,16,5,2012.17,402.434
14507.0,23,6,1383.18,230.53
14508.0,21,2,276.42,138.21
14511.0,10,5,1314.81,262.962
14512.0,187,2,275.28,137.64
14513.0,100,3,455.59000000000003,151.86333333333334
14514.0,60,3,1055.35,351.7833333333333
14515.0,17,6,2102.09,350.34833333333336
14517.0,32,2,330.45,165.225
14518.0,63,1,174.37,174.37
14520.0,1,2,270.6,135.3
14522.0,23,4,974.54,243.635
14523.0,107,1,241.09,241.09
14524.0,31,9,1867.68,207.52
14525.0,19,9,4332.2,481.35555555555555
14527.0,2,55,8508.82,154.7058181818182
14528.0,36,1,364.21999999999997,364.21999999999997
14529.0,59,3,620.04,206.67999999999998
14530.0,25,6,2925.91,487.65166666666664
14532.0,235,4,932.85,233.2125
14533.0,24,7,1949.72,278.5314285714286
14534.0,2,18,4447.05,247.05833333333334
14535.0,59,3,2864.19,954.73
14536.0,259,1,171.8,171.8
14537.0,57,1,355.56,355.56
14538.0,64,2,388.25,194.125
14539.0,15,2,537.48,268.74
14540.0,9,3,996.26,332.08666666666664
14541.0,58,8,1461.65,182.70625
14542.0,185,1,103.25,103.25
14543.0,28,16,3630.33,226.895625
14544.0,23,2,2024.45,1012.225
14546.0,4,5,2578.09,515.618
14547.0,3,8,4007.54,500.9425
14548.0,150,2,652.8,326.4
14549.0,310,1,289.24,289.24
14550.0,10,2,765.62,382.81
14551.0,17,2,186.23,93.115
14552.0,151,1,165.07,165.07
14553.0,18,5,859.27,171.85399999999998
14554.0,9,4,2381.04,595.26
14555.0,56,2,324.14,162.07
14557.0,84,1,788.38,788.38
14560.0,6,22,2237.77,101.71681818181818
14561.0,75,3,1080.76,360.25333333333333
14562.0,3,18,5074.77,281.9316666666667
14565.0,95,4,3099.12,774.78
14566.0,110,1,1432.0,1432.0
14567.0,56,2,1530.3600000000001,765.1800000000001
14569.0,0,1,227.39,227.39
14570.0,280,2,218.06,109.03
14572.0,2,7,2832.84,404.6914285714286
14573.0,179,9,1653.42,183.71333333333334
14576.0,371,1,35.400000000000006,35.400000000000006
14577.0,12,4,859.71,214.9275
14578.0,2,1,168.63,168.63
14581.0,16,1,138.6,138.6
14582.0,40,1,114.11,114.11
14583.0,5,5,1052.55,210.51
14584.0,168,4,1042.26,260.565
14585.0,49,1,157.05,157.05
14586.0,276,1,237.35999999999999,237.35999999999999
14587.0,18,9,1601.14,177.90444444444447
14589.0,371,1,39.75,39.75
14591.0,14,4,1447.14,361.785
14592.0,34,3,570.46,190.15333333333334
14593.0,21,3,617.99,205.99666666666667
14594.0,6,2,379.83,189.915
14595.0,19,6,1740.6000000000001,290.1
14597.0,10,2,883.15,441.575
14598.0,43,1,221.97,221.97
14600.0,305,1,393.33000000000004,393.33000000000004
14601.0,10,1,213.96,213.96
14603.0,274,1,660.0,660.0
14606.0,0,93,12156.65,130.71666666666667
14607.0,15,14,16569.5,1183.5357142857142
14608.0,3,4,1785.15,446.2875
14609.0,71,4,601.56,150.39
14616.0,242,3,406.08000000000004,135.36
14618.0,8,3,553.44,184.48000000000002
14619.0,245,1,394.44,394.44
14620.0,205,2,412.78000000000003,206.39000000000001
14621.0,0,5,1788.3600000000001,357.672
14622.0,184,1,320.58000000000004,320.58000000000004
14623.0,31,5,889.25,177.85
14624.0,56,2,225.85,112.925
14625.0,195,2,899.63,449.815
14626.0,23,4,2791.27,697.8175
14628.0,90,2,671.96,335.98
14629.0,3,2,959.01,479.505
14631.0,50,3,1006.98,335.66
14632.0,262,1,114.56,114.56
14633.0,265,1,344.90000000000003,344.90000000000003
14636.0,35,2,609.85,304.925
14638.0,50,1,443.6,443.6
14639.0,51,6,2984.4900000000002,497.415
14640.0,23,6,2125.08,354.18
14641.0,21,1,110.46000000000001,110.46000000000001
14642.0,58,1,96.12,96.12
14643.0,169,2,693.8100000000001,346.90500000000003
14644.0,67,2,830.76,415.38
14645.0,156,2,597.09,298.545
14646.0,1,73,280206.02,3838.4386301369864
14647.0,200,1,243.22,243.22
14649.0,4,4,1417.29,354.3225
14651.0,66,2,654.6,327.3
14652.0,76,1,114.18,114.18
14653.0,0,7,1947.55,278.2214285714286
14655.0,7,4,1932.23,483.0575
14656.0,168,2,291.05,145.525
14657.0,17,4,848.22,212.055
14658.0,4,2,247.15,123.575
14659.0,8,9,2529.93,281.1033333333333
14660.0,86,2,285.74,142.87
14661.0,26,1,107.95,107.95
14662.0,28,4,771.17,192.7925
14664.0,19,2,637.89,318.945
14665.0,60,5,1835.7,367.14
14666.0,23,1,195.25,195.25
14667.0,10,25,9241.2,369.648
14669.0,241,3,1269.99,423.33
14670.0,279,2,411.53,205.765
14672.0,234,2,765.5500000000001,382.77500000000003
14673.0,2,5,1736.4,347.28000000000003
14675.0,15,1,604.75,604.75
14676.0,30,6,2548.2400000000002,424.7066666666667
14680.0,24,16,28754.11,1797.131875
14681.0,70,3,498.95,166.31666666666666
14682.0,187,2,52.0,26.0
14684.0,25,5,1236.28,247.256
14687.0,106,1,628.38,628.38
14688.0,7,21,5630.87,268.13666666666666
14689.0,208,1,112.80000000000001,112.80000000000001
14690.0,43,2,371.7,185.85
14691.0,30,5,2114.33,422.866
14692.0,136,4,591.55,147.8875
14693.0,264,1,172.9,172.9
14696.0,3,7,2078.95,296.99285714285713
14697.0,217,2,188.61,94.305
14698.0,1,5,1250.76,250.152
14699.0,213,1,109.13000000000001,109.13000000000001
14700.0,31,3,2235.3,745.1
14701.0,10,9,2549.37,283.2633333333333
14702.0,0,17,3292.14,193.65529411764706
14703.0,14,1,318.17,318.17
14704.0,10,9,1546.91,171.8788888888889
14705.0,198,1,179.0,179.0
14708.0,2,3,1126.3700000000001,375.4566666666667
14709.0,14,13,4921.04,378.54153846153844
14710.0,13,4,606.13,151.5325
14711.0,9,11,2868.8,260.8
14712.0,28,3,917.07,305.69
14713.0,8,11,2666.36,242.39636363636365
14714.0,23,1,160.19,160.19
14715.0,24,4,867.38,216.845
14716.0,42,2,329.68,164.84
14719.0,1,5,1602.13,320.42600000000004
14720.0,5,3,663.81,221.26999999999998
14722.0,146,1,187.92,187.92
14723.0,9,6,1158.3,193.04999999999998
14725.0,24,1,718.08,718.08
14727.0,273,1,268.58,268.58
14729.0,373,1,313.49,313.49
14730.0,0,8,2005.06,250.6325
14731.0,46,3,380.02,126.67333333333333
14732.0,7,8,2702.4900000000002,337.81125000000003
14733.0,15,12,9585.91,798.8258333333333
14735.0,3,32,6065.6900000000005,189.55281250000002
14737.0,3,3,1164.55,388.18333333333334
14738.0,42,7,1314.45,187.77857142857144
14739.0,3,7,3902.28,557.4685714285714
14740.0,196,3,1448.21,482.7366666666667
14741.0,11,6,1400.3400000000001,233.39000000000001
14744.0,15,7,1099.98,157.14000000000001
14745.0,112,5,1220.26,244.052
14747.0,248,1,328.2,328.2
14748.0,28,5,1415.75,283.15
14752.0,43,1,389.64000000000004,389.64000000000004
14753.0,86,1,563.15,563.15
14754.0,44,2,638.05,319.025
14755.0,9,11,5010.28,455.47999999999996
14756.0,14,1,738.96,738.96
14757.0,74,1,420.5,420.5
14758.0,144,4,1484.06,371.015
14759.0,4,3,1625.97,541.99
14760.0,296,1,89.2,89.2
14761.0,58,2,255.9,127.95
14762.0,263,1,300.52,300.52
14764.0,46,1,278.3,278.3
14765.0,28,3,254.11,84.70333333333333
14766.0,7,6,2473.37,412.2283333333333
14768.0,16,2,192.60000000000002,96.30000000000001
14769.0,2,8,10674.75,1334.34375
14770.0,231,2,876.4200000000001,438.21000000000004
14772.0,111,1,139.26,139.26
14775.0,57,3,1011.9,337.3
14776.0,50,11,2538.2999999999997,230.75454545454542
14778.0,126,2,730.86,365.43
14779.0,280,3,386.15,128.71666666666667
14780.0,54,2,447.68,223.84
14782.0,319,1,200.10000000000002,200.10000000000002
14784.0,25,2,289.99,144.995
14785.0,9,2,77.4,38.7
14788.0,6,2,679.44,339.72
14789.0,28,1,197.64,197.64
14790.0,16,4,745.06,186.265
14792.0,63,1,6.2,6.2
14793.0,20,1,228.99,228.99
14794.0,2,7,1319.91,188.55857142857144
14795.0,165,1,131.45000000000002,131.45000000000002
14796.0,0,17,8022.49,471.9111764705882
14798.0,52,3,173.74,57.913333333333334
14799.0,50,1,157.7,157.7
14800.0,47,12,4339.74,361.645
14801.0,60,1,193.14,193.14
14803.0,161,3,845.5500000000001,281.85
14804.0,8,1,353.27,353.27
14805.0,14,4,554.65,138.6625
14806.0,74,1,193.39000000000001,193.39000000000001
14808.0,39,8,2741.17,342.64625
14810.0,40,11,2087.88,189.80727272727273
14813.0,369,2,155.43,77.715
14815.0,36,2,778.5,389.25
14816.0,196,1,271.85,271.85
14817.0,199,2,1110.34,555.17
14818.0,73,3,657.8,219.26666666666665
14819.0,63,2,272.07,136.035
14820.0,20,4,507.29,126.8225
14821.0,366,1,48.800000000000004,48.800000000000004
14823.0,179,3,321.43,107.14333333333333
14824.0,9,4,1127.71,281.9275
14825.0,3,12,2226.9100000000003,185.57583333333335
14828.0,196,3,2139.76,713.2533333333334
14829.0,28,4,697.55,174.3875
14830.0,52,1,197.13,197.13
14834.0,17,6,1720.3,286.71666666666664
14836.0,9,3,102.45,34.15
14837.0,89,4,1649.5,412.375
14840.0,267,1,62.85,62.85
14841.0,52,6,3295.76,549.2933333333334
14842.0,43,4,2824.69,706.1725
14844.0,63,4,3189.81,797.4525
14847.0,148,1,309.40000000000003,309.40000000000003
14849.0,21,25,7930.54,317.2216
14850.0,311,1,325.75,325.75
14851.0,22,2,511.35,255.675
14852.0,57,6,2836.69,472.7816666666667
14853.0,23,2,475.8,237.9
14854.0,77,7,2759.83,394.26142857142855
14855.0,118,2,645.65,322.825
14856.0,35,3,1311.38,437.1266666666667
14857.0,59,2,1173.1200000000001,586.5600000000001
14859.0,12,4,1353.74,338.435
14860.0,18,1,170.32,170.32
14861.0,51,1,125.79,125.79
14862.0,25,2,841.2,420.6
14863.0,28,1,266.76,266.76
14865.0,6,2,52.2,26.1
14866.0,10,12,14389.9,1199.1583333333333
14867.0,185,3,710.28,236.76
14868.0,2,8,2953.59,369.19875
14869.0,8,2,725.7,362.85
14870.0,261,1,327.25,327.25
14871.0,2,4,522.38,130.595
14873.0,209,1,519.68,519.68
14875.0,107,2,1465.32,732.66
14878.0,12,9,1485.54,165.06
14880.0,76,3,706.19,235.39666666666668
14881.0,19,1,255.4,255.4
14882.0,26,2,589.7,294.85
14883.0,18,6,761.59,126.93166666666667
14885.0,131,1,765.3199999999999,765.3199999999999
14886.0,252,1,364.8,364.8
14887.0,78,1,1862.0,1862.0
14888.0,206,1,369.2,369.2
14889.0,335,1,135.9,135.9
14890.0,253,1,125.65,125.65
14891.0,147,2,554.38,277.19
14893.0,9,2,1237.8500000000001,618.9250000000001
14894.0,84,1,655.75,655.75
14895.0,7,20,11138.710000000001,556.9355
14896.0,204,2,468.77000000000004,234.38500000000002
14897.0,7,4,1366.38,341.595
14898.0,22,6,1303.52,217.25333333333333
14901.0,10,9,1421.29,157.92111111111112
14902.0,25,1,332.66,332.66
14903.0,20,5,2810.63,562.126
14904.0,1,2,1025.44,512.72
14905.0,157,2,616.15,308.075
14907.0,2,7,3501.1,500.15714285714284
14908.0,73,1,277.8,277.8
14910.0,2,4,434.35,108.5875
14911.0,0,201,143825.06,715.5475621890547
14912.0,16,2,867.85,433.925
14913.0,35,4,1227.43,306.8575
14915.0,90,2,307.48,153.74
14916.0,70,4,1268.98,317.245
14918.0,115,2,1610.15,805.075
14920.0,212,2,977.77,488.885
14921.0,29,2,1316.07,658.035
14923.0,50,1,749.1,749.1
14924.0,245,1,310.05,310.05
14929.0,31,1,223.88,223.88
14930.0,108,3,2372.86,790.9533333333334
14931.0,4,5,1257.68,251.536
14932.0,365,1,363.53,363.53
14934.0,81,2,1890.94,945.47
14935.0,296,1,1784.71,1784.71
14936.0,33,8,8137.02,1017.1275
14937.0,56,3,1621.88,540.6266666666667
14944.0,29,12,5900.25,491.6875
14946.0,13,1,100.9,100.9
14947.0,71,2,290.82,145.41
14948.0,22,6,1101.97,183.66166666666666
14950.0,18,1,371.2,371.2
14951.0,78,1,311.69,311.69
14952.0,59,11,8099.49,736.3172727272727
14953.0,24,1,289.82,289.82
14954.0,11,1,336.17,336.17
14957.0,252,1,58.49,58.49
14958.0,146,3,499.68,166.56
14959.0,63,4,695.42,173.855
14960.0,7,2,221.27,110.635
14961.0,10,9,7044.68,782.7422222222223
14962.0,270,1,126.7,126.7
14963.0,9,5,1487.8,297.56
14964.0,246,1,206.21,206.21
14965.0,95,2,599.0,299.5
14966.0,14,1,191.32,191.32
14967.0,49,1,463.8,463.8
14968.0,29,1,147.59,147.59
14970.0,67,4,1592.06,398.015
14971.0,34,3,1116.57,372.19
14972.0,127,1,114.77,114.77
14973.0,106,3,1314.45,438.15000000000003
14974.0,36,1,114.39,114.39
14975.0,56,1,279.94,279.94
14976.0,56,7,790.86,112.98
14978.0,71,5,1931.42,386.284
14981.0,245,1,102.12,102.12
14984.0,18,2,213.27,106.635
14985.0,197,2,296.75,148.375
14987.0,15,2,326.4,163.2
14988.0,211,1,334.54,334.54
14995.0,38,2,233.23000000000002,116.61500000000001
14997.0,45,3,546.1999999999999,182.06666666666663
14998.0,169,2,429.87,214.935
15000.0,47,1,490.52,490.52
15002.0,115,4,1641.76,410.44
15004.0,146,1,1246.32,1246.32
15005.0,15,28,6316.57,225.5917857142857
15006.0,50,1,502.09,502.09
15007.0,158,1,156.91,156.91
15009.0,11,3,1261.78,420.5933333333333
15010.0,35,1,308.94,308.94
15012.0,53,2,423.04,211.52
15014.0,42,2,260.17,130.085
15016.0,172,1,170.04,170.04
15017.0,33,1,125.58,125.58
15018.0,38,3,496.21,165.40333333333334
15019.0,266,1,266.0,266.0
15021.0,8,9,1914.82,212.75777777777776
15022.0,11,4,905.04,226.26
15023.0,2,11,6802.76,618.4327272727273
15024.0,9,10,1661.33,166.13299999999998
15025.0,32,1,377.01,377.01
15026.0,79,3,469.0,156.33333333333334
15027.0,30,4,1066.15,266.5375
15028.0,7,4,627.13,156.7825
15030.0,71,2,518.28,259.14
15031.0,3,4,668.14,167.035
15032.0,255,3,4959.1,1653.0333333333335
15033.0,4,10,2586.67,258.66700000000003
15034.0,15,8,4308.61,538.57625
15035.0,89,1,252.73000000000002,252.73000000000002
15036.0,71,3,465.55,155.18333333333334
15038.0,58,6,705.49,117.58166666666666
15039.0,9,47,19914.44,423.7114893617021
15041.0,169,1,180.35,180.35
15042.0,198,1,135.93,135.93
15043.0,30,1,537.0,537.0
15044.0,18,17,7700.2300000000005,452.954705882353
15045.0,151,2,735.66,367.83
15046.0,8,15,5213.7699999999995,347.58466666666664
15047.0,269,1,343.62,343.62
15048.0,64,4,384.05,96.0125
15049.0,273,1,121.17000000000002,121.17000000000002
15050.0,24,3,1782.09,594.03
15051.0,22,3,1391.61,463.86999999999995
15052.0,318,1,215.78,215.78
15053.0,4,3,697.79,232.59666666666666
15054.0,11,2,302.1,151.05
15057.0,274,2,1489.5,744.75
15058.0,24,11,2124.99,193.18090909090907
15059.0,40,9,1337.72,148.63555555555556
15060.0,7,4,303.09000000000003,75.77250000000001
15061.0,3,48,54534.14,1136.1279166666666
15062.0,70,4,987.86,246.965
15063.0,212,1,370.79999999999995,370.79999999999995
15065.0,37,4,3158.13,789.5325
15066.0,52,1,893.59,893.59
15067.0,77,3,1744.76,581.5866666666667
15068.0,45,2,553.36,276.68
15069.0,178,1,1109.53,1109.53
15070.0,372,1,106.2,106.2
15071.0,93,2,982.07,491.035
15073.0,9,3,1043.41,347.80333333333334
15074.0,104,1,748.87,748.87
15075.0,77,1,773.03,773.03
15076.0,172,1,880.85,880.85
15078.0,6,32,9743.11,304.4721875
15079.0,212,4,895.61,223.9025
15081.0,21,5,504.8,100.96000000000001
15083.0,256,1,88.2,88.2
15087.0,281,1,306.94,306.94
15088.0,20,2,1160.07,580.035
15089.0,9,6,2420.84,403.47333333333336
15090.0,307,1,381.32,381.32
15091.0,67,1,480.71,480.71
15092.0,214,2,457.81,228.905
15093.0,17,6,4597.02,766.1700000000001
15095.0,103,4,1370.6000000000001,342.65000000000003
15096.0,42,1,219.39000000000001,219.39000000000001
15097.0,3,1,248.08,248.08
15098.0,181,3,39916.5,13305.5
15099.0,83,1,410.48,410.48
15100.0,333,3,876.0,292.0
15101.0,8,2,317.53000000000003,158.76500000000001
15103.0,30,2,703.36,351.68
15104.0,196,2,1027.44,513.72
15105.0,17,7,2298.93,328.4185714285714
15106.0,17,5,1422.52,284.504
15107.0,310,6,319.5,53.25
15108.0,141,4,1300.25,325.0625
15109.0,245,1,484.95,484.95
15110.0,23,4,996.1,249.025
15111.0,28,3,1567.48,522.4933333333333
15113.0,9,3,3609.33,1203.11
15114.0,29,10,2760.56,276.056
15115.0,17,1,340.11,340.11
15116.0,17,4,1352.75,338.1875
15117.0,14,5,1551.78,310.356
15118.0,133,1,244.8,244.8
15119.0,245,1,266.4,266.4
15120.0,133,1,358.82,358.82
15121.0,49,2,457.72,228.86
15122.0,113,3,1633.78,544.5933333333334
15123.0,6,2,2199.31,1099.655
15124.0,22,2,184.19,92.095
15125.0,24,15,11528.48,768.5653333333333
15127.0,65,1,406.53000000000003,406.53000000000003
15128.0,59,4,1471.0,367.75
15129.0,49,11,3447.4,313.40000000000003
15130.0,169,1,330.11,330.11
15132.0,17,5,977.9300000000001,195.586
15133.0,127,3,982.42,327.4733333333333
15134.0,14,8,1387.99,173.49875
15135.0,238,1,139.05,139.05
15136.0,2,4,1286.7,321.675
15139.0,239,2,178.96,89.48
15140.0,51,7,2354.25,336.32142857142856
15142.0,45,1,498.74,498.74
15143.0,225,1,259.45,259.45
15144.0,7,17,6580.4400000000005,387.084705882353
15145.0,3,4,1194.73,298.6825
15146.0,164,2,1327.16,663.58
15147.0,239,1,623.5,623.5
15148.0,10,1,301.29,301.29
15149.0,133,1,520.8000000000001,520.8000000000001
15150.0,16,10,5314.47,531.447
15152.0,9,13,4745.69,365.0530769230769
15153.0,30,1,329.25,329.25
15154.0,74,1,296.42,296.42
15156.0,0,3,961.49,320.49666666666667
15157.0,3,3,1936.07,645.3566666666667
15158.0,44,1,401.40000000000003,401.40000000000003
15159.0,1,30,18641.010000000002,621.3670000000001
15160.0,356,1,158.16,158.16
15163.0,17,2,304.47,152.235
15164.0,68,3,843.05,281.01666666666665
15165.0,372,1,487.75,487.75
15167.0,320,1,163.0,163.0
15168.0,25,1,106.56,106.56
15171.0,330,1,1289.5,1289.5
15172.0,8,5,1624.05,324.81
15174.0,322,1,135.75,135.75
15175.0,71,1,224.14,224.14
15178.0,259,1,40.5,40.5
15179.0,17,5,2206.9500000000003,441.39000000000004
15180.0,366,1,87.5,87.5
15181.0,65,3,689.48,229.82666666666668
15182.0,153,2,622.85,311.425
15184.0,28,2,406.76,203.38
15185.0,69,1,310.62,310.62
15186.0,13,2,411.41,205.705
15187.0,1,16,4777.18,298.57375
15189.0,0,41,16225.39,395.74121951219513
15192.0,119,3,1044.32,348.1066666666666
15193.0,60,1,499.32,499.32
15194.0,2,15,7616.53,507.76866666666666
15195.0,2,1,3861.0,3861.0
15197.0,10,3,1079.61,359.86999999999995
15198.0,91,2,193.64,96.82
15199.0,58,4,1268.7,317.175
15201.0,86,5,1236.54,247.308
15203.0,25,6,1827.8,304.6333333333333
15204.0,356,1,316.58,316.58
15205.0,84,2,653.24,326.62
15206.0,9,4,420.3,105.075
15208.0,0,5,870.12,174.024
15210.0,224,1,331.18,331.18
15211.0,59,2,894.4100000000001,447.20500000000004
15212.0,240,1,101.8,101.8
15213.0,318,2,328.35,164.175
15214.0,1,8,1661.44,207.68
15215.0,46,3,734.94,244.98000000000002
15216.0,87,1,96.6,96.6
15218.0,10,11,5756.89,523.3536363636364
15219.0,175,1,305.75,305.75
15220.0,51,6,1778.96,296.49333333333334
15221.0,365,1,403.25,403.25
15222.0,318,1,585.0,585.0
15223.0,225,2,755.75,377.875
15224.0,357,2,322.08,161.04
15225.0,233,1,409.40000000000003,409.40000000000003
15226.0,310,1,154.41,154.41
15227.0,36,5,1219.4,243.88000000000002
15228.0,65,4,3386.71,846.6775
15230.0,238,2,429.6,214.8
15232.0,112,2,612.06,306.03
15234.0,276,1,197.0,197.0
15235.0,217,12,2247.51,187.29250000000002
15236.0,298,1,321.05,321.05
15237.0,1,4,1412.32,353.08
15238.0,28,3,1071.99,357.33
15239.0,9,2,780.59,390.295
15240.0,44,5,1706.57,341.31399999999996
15241.0,66,8,1756.44,219.555
15243.0,73,1,316.68,316.68
15244.0,64,2,631.57,315.785
15245.0,133,3,2515.84,838.6133333333333
15246.0,237,2,514.15,257.075
15247.0,121,1,356.0,356.0
15249.0,31,13,6688.46,514.496923076923
15251.0,8,11,10484.99,953.180909090909
15252.0,35,2,740.78,370.39
15253.0,15,5,918.2,183.64000000000001
15254.0,126,1,300.36,300.36
15255.0,66,1,890.85,890.85
15256.0,148,1,98.45,98.45
15257.0,282,1,317.15,317.15
15258.0,168,2,623.16,311.58
15260.0,99,7,1810.77,258.68142857142857
15261.0,134,1,254.82,254.82
15262.0,323,1,178.95000000000002,178.95000000000002
15263.0,106,1,156.51,156.51
15264.0,63,1,393.74,393.74
15265.0,150,2,1506.1200000000001,753.0600000000001
15266.0,337,1,119.3,119.3
15267.0,21,5,1717.36,343.472
15269.0,23,1,408.8,408.8
15270.0,15,7,2379.49,339.9271428571428
15271.0,6,15,2507.07,167.138
15272.0,56,2,721.94,360.97
15274.0,3,2,716.57,358.285
15275.0,37,1,615.14,615.14
15276.0,65,1,135.31,135.31
15277.0,46,1,255.89999999999998,255.89999999999998
15279.0,354,1,290.51,290.51
15280.0,171,1,113.12,113.12
15281.0,58,9,2332.15,259.1277777777778
15286.0,49,1,240.55,240.55
15287.0,21,2,486.69,243.345
15288.0,42,5,2306.52,461.304
15289.0,28,3,939.78,313.26
15290.0,4,18,7943.22,441.29
15291.0,25,15,4668.3,311.22
15292.0,200,1,180.94,180.94
15296.0,50,6,3672.86,612.1433333333333
15297.0,9,3,641.94,213.98000000000002
15298.0,1,12,4799.9,399.9916666666666
15299.0,66,7,4507.01,643.8585714285715
15300.0,63,1,496.44,496.44
15301.0,50,12,5070.35,422.5291666666667
15303.0,289,1,574.02,574.02
15304.0,60,8,694.4,86.8
15306.0,63,3,1174.3500000000001,391.45000000000005
15307.0,95,1,205.3,205.3
15308.0,273,1,310.47,310.47
15311.0,0,91,60767.9,667.7791208791209
15312.0,74,4,924.85,231.2125
15313.0,109,1,52.0,52.0
15314.0,198,1,327.97,327.97
15315.0,63,2,570.5,285.25
15316.0,326,1,165.0,165.0
15318.0,3,1,312.62,312.62
15319.0,283,1,204.5,204.5
15320.0,43,1,267.13,267.13
15321.0,70,3,2748.31,916.1033333333334
15322.0,85,1,679.68,679.68
15325.0,103,1,162.29,162.29
15326.0,333,1,311.71,311.71
15327.0,52,1,208.75,208.75
15329.0,38,3,1049.7,349.90000000000003
15330.0,31,2,714.9599999999999,357.47999999999996
15332.0,365,4,1661.06,415.265
15333.0,207,1,1028.56,1028.56
15334.0,156,3,351.67,117.22333333333334
15335.0,53,1,173.97,173.97
15339.0,65,2,574.07,287.035
15341.0,80,1,2020.52,2020.52
15342.0,129,1,406.09000000000003,406.09000000000003
15343.0,86,1,364.5,364.5
15344.0,0,3,563.94,187.98000000000002
15345.0,45,1,393.54,393.54
15346.0,332,1,252.42000000000002,252.42000000000002
15347.0,365,1,201.60000000000002,201.60000000000002
15348.0,71,1,158.04,158.04
15349.0,157,2,473.81,236.905
15350.0,372,1,115.65,115.65
15351.0,11,7,1960.11,280.0157142857143
15353.0,254,2,777.02,388.51
15355.0,28,2,277.05,138.525
15356.0,30,10,2766.5,276.65
15358.0,4,22,8347.2,379.41818181818184
15360.0,39,1,427.93,427.93
15361.0,361,1,418.92,418.92
15363.0,372,1,326.0,326.0
15364.0,95,2,913.19,456.595
15365.0,25,7,2314.32,330.6171428571429
15366.0,74,2,602.51,301.255
15367.0,56,4,1877.5900000000001,469.39750000000004
15368.0,20,1,446.94000000000005,446.94000000000005
15370.0,40,7,2386.05,340.86428571428576
15372.0,136,1,2007.4,2007.4
15373.0,7,12,2415.91,201.32583333333332
15374.0,128,1,168.0,168.0
15376.0,39,3,1233.3600000000001,411.12000000000006
15379.0,168,7,3703.29,529.0414285714286
15380.0,8,5,1690.26,338.052
15381.0,213,2,596.85,298.425
15382.0,14,6,5955.71,992.6183333333333
15384.0,169,2,642.41,321.205
15385.0,39,1,316.88,316.88
15386.0,185,1,394.14,394.14
15388.0,269,1,140.54,140.54
15389.0,171,1,500.0,500.0
15392.0,4,4,1535.53,383.8825
15393.0,15,2,231.86,115.93
15394.0,9,4,2183.54,545.885
15395.0,325,1,107.45,107.45
15396.0,112,1,288.18,288.18
15397.0,289,1,94.0,94.0
15398.0,15,2,1345.53,672.765
15399.0,0,3,815.77,271.92333333333335
15400.0,91,5,716.2,143.24
15402.0,148,2,626.77,313.385
15405.0,188,1,349.1,349.1
15406.0,30,2,510.71000000000004,255.35500000000002
15407.0,33,4,1056.44,264.11
15408.0,263,1,267.18,267.18
15410.0,83,8,3450.84,431.355
15411.0,25,4,1358.88,339.72
15412.0,170,1,190.53,190.53
15414.0,9,3,774.9000000000001,258.3
15415.0,312,1,572.8100000000001,572.8100000000001
15416.0,64,4,3984.32,996.08
15417.0,84,1,508.8,508.8
15419.0,24,1,135.86,135.86
15421.0,58,4,950.36,237.59
15422.0,322,2,97.7,48.85
15423.0,37,1,43.5,43.5
15424.0,253,2,383.34,191.67
15426.0,18,5,1447.39,289.478
15427.0,32,3,1483.14,494.38000000000005
15428.0,14,1,93.78,93.78
15429.0,26,2,397.35,198.675
15432.0,22,1,171.19000000000003,171.19000000000003
15433.0,213,2,533.3,266.65
15434.0,7,5,1041.48,208.296
15435.0,21,1,149.29,149.29
15436.0,11,3,1122.53,374.1766666666667
15437.0,261,1,200.16,200.16
15438.0,130,1,156.57999999999998,156.57999999999998
15440.0,54,3,383.68,127.89333333333333
15442.0,248,1,594.0,594.0
15443.0,1,7,3236.91,462.4157142857143
15444.0,8,2,1418.26,709.13
15445.0,263,1,113.5,113.5
15447.0,330,1,155.17000000000002,155.17000000000002
15448.0,312,1,494.64,494.64
15449.0,25,3,974.52,324.84
15450.0,29,1,429.84,429.84
15452.0,29,3,538.73,179.57666666666668
15453.0,1,7,1388.37,198.3385714285714
15454.0,361,1,179.1,179.1
15456.0,282,3,447.22,149.07333333333335
15457.0,261,1,237.07,237.07
15458.0,24,1,161.64,161.64
15460.0,353,1,216.76,216.76
15462.0,93,3,234.6,78.2
15463.0,28,1,126.14,126.14
15464.0,337,1,1048.85,1048.85
15465.0,19,18,7354.62,408.59
15466.0,84,1,334.53,334.53
15467.0,8,3,524.88,174.96
15468.0,50,2,467.51,233.755
15469.0,49,2,538.55,269.275
15471.0,1,1,469.48,469.48
15472.0,112,1,371.56,371.56
15473.0,13,7,1771.2,253.02857142857144
15475.0,76,1,454.11,454.11
15478.0,39,2,1441.42,720.71
15480.0,115,1,905.5,905.5
15482.0,15,12,11054.96,921.2466666666666
15483.0,160,4,233.81,58.4525
15484.0,0,4,3594.31,898.5775
15485.0,29,3,2575.0,858.3333333333334
15488.0,92,1,91.32000000000001,91.32000000000001
15489.0,22,3,1134.28,378.0933333333333
15491.0,94,6,3100.09,516.6816666666667
15492.0,27,2,659.46,329.73
15493.0,32,5,2001.8,400.36
15494.0,20,2,1299.23,649.615
15497.0,17,2,1262.2,631.1
15498.0,2,27,13316.4,493.2
15500.0,7,4,1131.56,282.89
15502.0,15,12,10384.93,865.4108333333334
15503.0,362,1,147.09,147.09
15504.0,80,1,52.83,52.83
15505.0,52,5,3610.96,722.192
15506.0,22,3,979.26,326.42
15507.0,171,1,492.36,492.36
15508.0,188,6,1000.27,166.71166666666667
15510.0,330,1,250.0,250.0
15511.0,11,5,909.23,181.846
15512.0,155,2,121.0,60.5
15513.0,32,19,14758.22,776.7484210526316
15514.0,11,11,4139.46,376.31454545454545
15516.0,44,3,62.43,20.81
15517.0,232,1,267.03,267.03
15518.0,63,8,1942.45,242.80625
15520.0,1,1,343.5,343.5
15521.0,39,8,3000.2,375.025
15522.0,32,2,398.84,199.42
15523.0,83,1,412.01000000000005,412.01000000000005
15524.0,24,1,440.0,440.0
15525.0,1,3,825.92,275.3066666666667
15526.0,32,2,148.44,74.22
15527.0,18,8,2429.78,303.7225
15528.0,253,1,229.33,229.33
15529.0,22,11,3995.23,363.20272727272726
15530.0,21,4,1502.3500000000001,375.58750000000003
15531.0,7,2,2007.44,1003.72
15532.0,24,4,1580.93,395.2325
15533.0,18,3,807.57,269.19
15535.0,172,4,536.4,134.1
15537.0,162,1,110.92,110.92
15539.0,6,1,538.46,538.46
15540.0,10,1,213.3,213.3
15541.0,113,1,85.13000000000001,85.13000000000001
15543.0,287,1,127.86,127.86
15544.0,8,9,3546.71,394.0788888888889
15545.0,53,2,292.71999999999997,146.35999999999999
15547.0,6,14,4954.84,353.9171428571429
15549.0,76,3,1693.26,564.42
15550.0,3,4,575.63,143.9075
15551.0,36,1,436.06,436.06
15552.0,216,1,90.12,90.12
15553.0,59,1,437.23,437.23
15554.0,277,1,217.2,217.2
15555.0,11,16,4805.17,300.323125
15556.0,23,1,279.77,279.77
15557.0,28,1,473.65000000000003,473.65000000000003
15561.0,11,4,800.5899999999999,200.14749999999998
15562.0,351,1,134.55,134.55
15563.0,21,4,1400.44,350.11
15565.0,49,2,173.16000000000003,86.58000000000001
15567.0,18,1,186.01,186.01
15568.0,2,3,758.29,252.76333333333332
15569.0,103,5,1375.71,275.142
15570.0,6,12,4165.52,347.1266666666667
15571.0,11,4,650.4300000000001,162.60750000000002
15572.0,4,7,2552.86,364.69428571428574
15573.0,31,2,607.45,303.725
15574.0,177,4,702.25,175.5625
15576.0,37,1,940.67,940.67
15577.0,150,3,258.88,86.29333333333334
15578.0,161,1,127.1,127.1
15579.0,68,2,348.6,174.3
15581.0,120,13,3679.9700000000003,283.0746153846154
15582.0,24,3,682.9100000000001,227.63666666666668
15584.0,23,4,725.11,181.2775
15585.0,176,1,455.3,455.3
15587.0,49,4,913.68,228.42
15589.0,255,3,478.53,159.51
15592.0,46,1,388.58,388.58
15593.0,70,1,199.8,199.8
15594.0,15,5,1771.78,354.356
15596.0,100,5,1406.59,281.318
15597.0,34,1,324.57,324.57
15598.0,52,1,240.68,240.68
15599.0,26,2,761.74,380.87
15601.0,10,14,6776.56,484.04
15602.0,7,9,1297.8700000000001,144.20777777777778
15603.0,78,1,48.480000000000004,48.480000000000004
15604.0,51,1,216.39000000000001,216.39000000000001
15605.0,35,5,1198.23,239.64600000000002
15606.0,60,9,2920.16,324.4622222222222
15607.0,336,1,104.76,104.76
15608.0,27,4,1093.68,273.42
15609.0,183,1,298.48,298.48
15610.0,51,1,112.46000000000001,112.46000000000001
15611.0,9,13,1591.45,122.41923076923078
15612.0,35,2,195.15,97.575
15615.0,9,23,10399.74,452.1626086956522
15618.0,32,4,776.851,194.21275
15619.0,10,1,336.4,336.4
15620.0,56,3,1553.18,517.7266666666667
15621.0,3,4,1293.03,323.2575
15622.0,42,9,3709.56,412.17333333333335
15623.0,140,1,301.03000000000003,301.03000000000003
15624.0,116,4,588.13,147.0325
15625.0,103,4,1534.26,383.565
15626.0,74,2,675.8,337.9
15628.0,4,9,2870.2400000000002,318.91555555555556
15630.0,44,2,1186.35,593.175
15632.0,15,8,3285.31,410.66375
15634.0,16,1,243.55,243.55
15636.0,89,2,724.76,362.38
15637.0,52,1,223.36,223.36
15639.0,133,1,425.32,425.32
15640.0,3,15,12515.66,834.3773333333334
15641.0,104,4,1887.2,471.8
15643.0,191,3,664.0,221.33333333333334
15644.0,165,4,813.0,203.25
15645.0,18,1,612.01,612.01
15646.0,157,3,447.64000000000004,149.21333333333334
15648.0,203,2,657.35,328.675
15649.0,335,2,816.0,408.0
15651.0,36,3,646.3,215.4333333333333
15652.0,90,1,337.74,337.74
15653.0,92,2,877.44,438.72
15654.0,8,2,922.53,461.265
15655.0,242,1,560.6700000000001,560.6700000000001
15656.0,44,4,748.5,187.125
15657.0,22,1,30.0,30.0
15658.0,189,5,1024.1000000000001,204.82000000000002
15659.0,43,1,306.45,306.45
15660.0,24,9,1600.86,177.87333333333333
15661.0,316,2,309.8,154.9
15663.0,105,1,138.14,138.14
15664.0,50,1,386.43,386.43
15665.0,167,2,2242.01,1121.005
15667.0,39,1,301.32000000000005,301.32000000000005
15668.0,217,1,76.32000000000001,76.32000000000001
15669.0,39,4,684.34,171.085
15670.0,296,1,173.05,173.05
15671.0,18,7,2657.13,379.59000000000003
15673.0,87,4,2881.02,720.255
15674.0,72,5,2446.6,489.32
15675.0,80,3,323.69,107.89666666666666
15676.0,18,3,3435.76,1145.2533333333333
15677.0,48,1,657.23,657.23
15678.0,52,1,352.7,352.7
15679.0,23,4,781.28,195.32
15680.0,8,3,1333.68,444.56
15681.0,24,5,1426.16,285.232
15683.0,116,1,193.75,193.75
15687.0,8,9,2993.1,332.56666666666666
15689.0,119,2,254.1,127.05
15690.0,3,2,239.76,119.88
15691.0,251,1,136.8,136.8
15692.0,27,1,191.04,191.04
15694.0,0,14,6479.4,462.8142857142857
15695.0,266,2,409.98,204.99
15696.0,32,8,2736.46,342.0575
15699.0,17,1,309.65,309.65
15700.0,171,2,696.68,348.34
15701.0,1,4,1542.14,385.535
15703.0,264,1,211.5,211.5
15704.0,139,4,2293.62,573.405
15705.0,200,1,143.1,143.1
15706.0,63,4,1060.56,265.14
15707.0,34,4,945.58,236.395
15708.0,40,7,3364.2400000000002,480.6057142857143
15709.0,283,1,133.25,133.25
15712.0,8,5,1072.3600000000001,214.47200000000004
15713.0,142,2,356.7,178.35
15714.0,11,2,330.88,165.44
15716.0,145,4,1118.81,279.7025
15717.0,233,1,150.3,150.3
15719.0,32,13,5045.61,388.1238461538461
15720.0,23,1,598.73,598.73
15721.0,11,1,507.08000000000004,507.08000000000004
15722.0,35,5,2222.56,444.512
15723.0,364,1,203.10000000000002,203.10000000000002
15724.0,200,2,218.25,109.125
15725.0,14,1,415.25,415.25
15727.0,16,7,5178.96,739.8514285714285
15729.0,212,1,85.0,85.0
15730.0,65,3,1120.88,373.6266666666667
15732.0,211,2,294.12,147.06
15733.0,282,1,162.3,162.3
15734.0,114,2,1339.45,669.725
15737.0,14,8,1205.1200000000001,150.64000000000001
15738.0,18,16,4812.42,300.77625
15739.0,65,1,449.12,449.12
15740.0,48,1,154.88,154.88
15743.0,15,4,784.46,196.115
15744.0,77,1,34.8,34.8
15745.0,18,4,1094.5900000000001,273.64750000000004
15746.0,133,1,196.88,196.88
15747.0,12,3,974.04,324.68
15748.0,39,1,149.31,149.31
15749.0,234,3,44534.3,14844.766666666668
15750.0,2,8,2465.48,308.185
15752.0,39,7,2637.38,376.7685714285714
15753.0,304,1,79.2,79.2
15754.0,50,3,458.57,152.85666666666665
15755.0,9,6,2364.25,394.0416666666667
15756.0,60,4,532.96,133.24
15757.0,65,2,714.42,357.21
15758.0,24,1,205.25,205.25
15759.0,217,3,253.04000000000002,84.34666666666668
15762.0,64,2,583.75,291.875
15763.0,31,2,1086.92,543.46
15764.0,87,6,3279.9700000000003,546.6616666666667
15766.0,63,1,315.06,315.06
15768.0,115,3,621.83,207.27666666666667
15769.0,6,26,56252.72,2163.566153846154
15773.0,5,1,635.6800000000001,635.6800000000001
15774.0,68,1,270.8,270.8
15775.0,244,1,104.9,104.9
15776.0,132,1,241.62,241.62
15777.0,240,4,1047.1100000000001,261.77750000000003
15780.0,183,3,475.28000000000003,158.42666666666668
15781.0,24,3,345.46000000000004,115.15333333333335
15782.0,9,3,2614.74,871.5799999999999
15783.0,10,1,246.3,246.3
15785.0,32,5,2328.9700000000003,465.79400000000004
15786.0,45,3,4932.2,1644.0666666666666
15787.0,25,3,948.05,316.01666666666665
15789.0,357,1,351.3,351.3
15790.0,9,1,220.85,220.85
15791.0,43,2,1612.69,806.345
15793.0,14,3,965.61,321.87
15795.0,149,1,610.01,610.01
15796.0,0,8,2711.56,338.945
15797.0,112,4,2207.4,551.85
15799.0,75,3,884.14,294.7133333333333
15800.0,106,2,699.08,349.54
15801.0,45,3,1063.95,354.65000000000003
15802.0,142,1,451.42,451.42
15803.0,50,1,415.82000000000005,415.82000000000005
15804.0,0,13,4206.39,323.5684615384616
15805.0,22,17,5528.4800000000005,325.204705882353
15806.0,45,3,784.58,261.5266666666667
15807.0,49,3,903.9,301.3
15808.0,305,4,3734.9700000000003,933.7425000000001
15809.0,35,5,515.77,103.154
15810.0,78,4,1391.98,347.995
15811.0,21,6,2218.62,369.77
15812.0,106,5,1801.14,360.228
15813.0,207,2,1303.9099999999999,651.9549999999999
15814.0,16,4,1945.3300000000002,486.33250000000004
15815.0,63,5,2100.6,420.12
15819.0,48,4,1905.45,476.3625
15820.0,319,1,206.98,206.98
15821.0,43,2,570.96,285.48
15822.0,2,2,885.47,442.735
15823.0,371,1,15.0,15.0
15825.0,171,1,532.94,532.94
15826.0,55,3,1654.31,551.4366666666666
15827.0,72,14,1836.09,131.1492857142857
15829.0,98,2,636.14,318.07
15830.0,37,1,576.0,576.0
15831.0,57,3,801.76,267.25333333333333
15832.0,253,1,836.79,836.79
15834.0,69,4,2233.75,558.4375
15835.0,43,4,954.09,238.5225
15836.0,49,1,137.37,137.37
15837.0,64,1,391.98,391.98
15838.0,10,19,33643.08,1770.6884210526316
15839.0,32,3,1048.49,349.49666666666667
15840.0,58,2,355.56,177.78
15841.0,72,4,1224.06,306.015
15843.0,303,1,118.95,118.95
15844.0,45,1,130.73999999999998,130.73999999999998
15845.0,17,8,3711.77,463.97125
15847.0,37,2,389.27,194.635
15850.0,18,2,238.85,119.425
15852.0,186,2,160.71,80.355
15853.0,51,1,110.8,110.8
15854.0,3,12,2974.65,247.88750000000002
15855.0,136,5,712.24,142.448
15856.0,3,27,16387.57,606.947037037037
15857.0,18,1,297.0,297.0
15858.0,15,5,1438.85,287.77
15860.0,40,8,977.21,122.15125
15861.0,11,8,3165.36,395.67
15862.0,7,4,832.88,208.22
15863.0,25,2,68.84,34.42
15864.0,21,6,1936.32,322.71999999999997
15865.0,40,3,895.13,298.37666666666667
15866.0,100,1,230.53,230.53
15867.0,4,15,3812.64,254.176
15869.0,276,2,149.64,74.82
15870.0,32,1,354.09000000000003,354.09000000000003
15872.0,14,2,360.93,180.465
15874.0,63,7,4405.88,629.4114285714286
15877.0,1,2,493.28,246.64
15880.0,368,1,343.28,343.28
15881.0,311,5,501.39,100.27799999999999
15882.0,198,4,516.36,129.09
15883.0,1,2,396.48,198.24
15885.0,92,3,379.35,126.45
15886.0,59,1,181.09,181.09
15888.0,80,1,168.31,168.31
15889.0,156,2,446.87,223.435
15891.0,226,1,524.52,524.52
15894.0,252,2,263.55,131.775
15895.0,149,1,179.17,179.17
15897.0,193,2,222.05,111.025
15898.0,0,5,1388.88,277.776
15899.0,368,1,56.25,56.25
15900.0,23,1,351.11,351.11
15901.0,16,3,363.88,121.29333333333334
15903.0,9,7,5126.76,732.3942857142857
15904.0,7,1,164.68,164.68
15906.0,19,7,1567.69,223.9557142857143
15907.0,3,3,967.45,322.48333333333335
15909.0,173,1,191.94,191.94
15910.0,0,8,1232.18,154.0225
15912.0,177,2,264.62,132.31
15916.0,15,8,1528.09,191.01125
15917.0,247,1,123.1,123.1
15918.0,190,2,334.23,167.115
15919.0,19,2,639.89,319.945
15920.0,153,4,167.5,41.875
15921.0,172,1,336.03000000000003,336.03000000000003
15922.0,372,1,369.5,369.5
15923.0,372,1,127.08,127.08
15925.0,193,1,207.15,207.15
15930.0,66,1,426.63,426.63
15932.0,3,8,2495.87,311.98375
15933.0,20,3,1107.46,369.15333333333336
15935.0,238,2,416.86,208.43
15937.0,63,1,145.35000000000002,145.35000000000002
15938.0,111,5,404.58000000000004,80.91600000000001
15939.0,89,15,6115.01,407.6673333333334
15940.0,310,1,35.8,35.8
15942.0,133,1,337.44,337.44
15944.0,276,1,325.1,325.1
15945.0,364,1,181.0,181.0
15947.0,82,1,1708.24,1708.24
15948.0,7,2,955.24,477.62
15949.0,16,2,364.72,182.36
15950.0,31,4,1765.51,441.3775
15951.0,8,2,708.22,354.11
15952.0,33,4,806.57,201.6425
15953.0,14,8,1659.3799999999999,207.42249999999999
15955.0,23,14,4416.26,315.44714285714286
15957.0,31,1,428.89,428.89
15958.0,73,1,104.35,104.35
15963.0,19,2,470.76,235.38
15965.0,16,4,845.64,211.41
15967.0,22,2,418.83,209.415
15969.0,2,3,666.1,222.03333333333333
15970.0,303,1,314.09999999999997,314.09999999999997
15971.0,17,12,4199.85,349.9875
15973.0,366,1,307.82000000000005,307.82000000000005
15974.0,38,7,3442.15,491.7357142857143
15975.0,83,1,371.01,371.01
15976.0,164,2,430.94,215.47
15977.0,16,2,1054.73,527.365
15978.0,76,1,1098.78,1098.78
15980.0,88,3,2398.86,799.62
15981.0,24,8,3408.48,426.06
15983.0,21,4,1475.02,368.755
15984.0,2,10,2837.67,283.767
15985.0,122,2,1142.42,571.21
15986.0,29,1,168.12,168.12
15987.0,11,7,1451.28,207.32571428571427
15988.0,18,1,158.03,158.03
15990.0,43,2,792.11,396.055
15992.0,3,1,41.989999999999995,41.989999999999995
15993.0,8,7,2797.57,399.65285714285716
15994.0,54,1,427.07,427.07
15996.0,87,6,1060.68,176.78
15998.0,36,5,3089.97,617.9939999999999
16000.0,2,3,12393.7,4131.233333333334
16003.0,29,5,2735.37,547.074
16005.0,11,4,615.39,153.8475
16006.0,210,1,101.4,101.4
16007.0,47,4,1701.94,425.485
16008.0,23,3,478.78,159.59333333333333
16009.0,21,4,992.71,248.1775
16010.0,245,3,407.5,135.83333333333334
16011.0,7,16,3362.71,210.169375
16012.0,34,3,1415.29,471.7633333333333
16013.0,3,47,37130.6,790.0127659574467
16014.0,37,3,662.38,220.79333333333332
16015.0,3,3,705.39,235.13
16016.0,2,8,1508.76,188.595
16017.0,46,1,211.88,211.88
16018.0,38,2,408.9,204.45
16019.0,46,9,3786.24,420.6933333333333
16020.0,16,3,851.01,283.67
16022.0,259,1,628.28,628.28
16023.0,45,3,719.81,239.93666666666664
16024.0,11,1,251.24,251.24
16025.0,29,1,439.65999999999997,439.65999999999997
16026.0,42,1,236.09,236.09
16027.0,91,6,934.62,155.77
16029.0,38,63,81024.84,1286.1085714285714
16030.0,309,1,331.24,331.24
16031.0,91,2,548.94,274.47
16033.0,5,20,8816.4,440.82
16034.0,195,3,437.70000000000005,145.9
16036.0,86,2,758.9200000000001,379.46000000000004
16037.0,269,3,855.02,285.00666666666666
16038.0,7,3,471.78,157.26
16040.0,64,3,1313.55,437.84999999999997
16041.0,30,3,3166.4,1055.4666666666667
16042.0,21,5,1197.27,239.454
16043.0,37,4,773.99,193.4975
16045.0,119,4,1340.7,335.175
16048.0,372,2,256.44,128.22
16049.0,39,3,1111.79,370.59666666666664
16050.0,173,1,137.9,137.9
16052.0,53,1,362.06,362.06
16053.0,32,2,1511.95,755.975
16054.0,144,1,783.9,783.9
16055.0,220,1,134.8,134.8
16056.0,44,1,664.85,664.85
16057.0,15,7,2263.12,323.30285714285714
16059.0,65,6,1459.8600000000001,243.31000000000003
16062.0,9,4,1153.62,288.405
16063.0,259,1,335.32,335.32
16065.0,364,1,372.09,372.09
16066.0,16,5,1521.87,304.37399999999997
16070.0,21,2,852.15,426.075
16071.0,44,1,326.24,326.24
16072.0,287,1,584.3199999999999,584.3199999999999
16073.0,296,1,122.4,122.4
16076.0,2,10,2234.73,223.473
16078.0,283,1,79.2,79.2
16079.0,16,3,1352.0,450.6666666666667
16080.0,81,2,217.16,108.58
16081.0,55,5,2806.9,561.38
16083.0,100,2,1317.62,658.81
16084.0,298,1,436.18,436.18
16085.0,22,5,981.51,196.302
16086.0,58,5,1121.39,224.27800000000002
16091.0,154,2,315.06,157.53
16092.0,114,3,817.86,272.62
16093.0,106,1,17.0,17.0
16094.0,11,4,1078.23,269.5575
16096.0,263,1,320.62,320.62
16097.0,239,1,185.04999999999998,185.04999999999998
16098.0,87,7,2005.63,286.5185714285714
16099.0,49,3,731.9,243.96666666666667
16101.0,70,1,1290.7,1290.7
16102.0,41,3,1842.14,614.0466666666667
16103.0,6,6,1429.64,238.27333333333334
16104.0,61,1,302.36,302.36
16105.0,248,1,336.96,336.96
16106.0,65,1,108.38,108.38
16107.0,17,7,3204.1600000000003,457.7371428571429
16108.0,84,1,842.5,842.5
16109.0,218,2,611.88,305.94
16110.0,44,3,1337.48,445.82666666666665
16112.0,142,4,195.74,48.935
16113.0,182,1,161.38,161.38
16114.0,170,1,135.75000000000003,135.75000000000003
16115.0,9,8,1667.97,208.49625
16116.0,211,1,612.78,612.78
16117.0,189,1,232.21,232.21
16119.0,7,2,423.36,211.68
16120.0,58,4,1309.14,327.285
16121.0,56,2,867.11,433.555
16122.0,72,4,684.42,171.105
16123.0,51,1,307.78000000000003,307.78000000000003
16124.0,316,1,249.0,249.0
16125.0,366,1,289.35,289.35
16126.0,28,4,6287.77,1571.9425
16127.0,38,1,656.25,656.25
16128.0,17,5,1880.22,376.044
16131.0,51,6,3506.54,584.4233333333333
16133.0,3,33,14589.04,442.09212121212124
16134.0,21,2,618.09,309.045
16135.0,262,1,517.55,517.55
16136.0,59,3,709.38,236.46
16139.0,18,3,635.4100000000001,211.80333333333337
16140.0,65,2,725.1800000000001,362.59000000000003
16141.0,87,1,620.4,620.4
16142.0,249,1,535.34,535.34
16143.0,2,6,2424.94,404.1566666666667
16144.0,246,1,175.2,175.2
16145.0,8,11,3799.4900000000002,345.40818181818184
16146.0,156,3,734.13,244.71
16147.0,133,1,375.0,375.0
16148.0,295,1,76.32000000000001,76.32000000000001
16149.0,4,2,280.52,140.26
16150.0,42,5,2053.02,410.604
16152.0,268,1,1829.04,1829.04
16153.0,49,5,1824.23,364.846
16156.0,8,9,3122.04,346.8933333333333
16157.0,15,3,656.69,218.89666666666668
16159.0,281,1,348.2,348.2
16160.0,64,2,1025.44,512.72
16161.0,1,19,5575.56,293.4505263157895
16162.0,251,1,37.4,37.4
16163.0,231,2,856.6,428.3
16164.0,16,3,822.48,274.16
16168.0,10,27,3787.6,140.28148148148148
16169.0,7,4,1822.97,455.7425
16170.0,50,6,1885.05,314.175
16171.0,58,1,73.19999999999999,73.19999999999999
16172.0,94,5,1140.21,228.042
16173.0,15,6,1418.32,236.38666666666666
16174.0,125,3,1009.55,336.51666666666665
16175.0,93,4,1037.5900000000001,259.39750000000004
16177.0,49,1,331.95,331.95
16178.0,137,1,197.9,197.9
16179.0,60,1,215.83,215.83
16180.0,99,8,10254.18,1281.7725
16181.0,72,1,305.54,305.54
16182.0,71,4,6617.65,1654.4125
16183.0,66,1,338.71000000000004,338.71000000000004
16184.0,63,6,1158.79,193.13166666666666
16185.0,16,2,529.41,264.705
16186.0,22,12,4006.94,333.9116666666667
16187.0,31,15,6911.4400000000005,460.7626666666667
16188.0,44,4,981.86,245.465
16189.0,15,2,215.48,107.74
16190.0,39,1,215.08,215.08
16191.0,2,13,5180.52,398.5015384615385
16193.0,236,1,314.45,314.45
16198.0,74,1,400.68100000000004,400.68100000000004
16200.0,3,2,1080.6200000000001,540.3100000000001
16201.0,2,4,1863.47,465.8675
16202.0,360,1,365.27,365.27
16203.0,58,4,592.9,148.225
16204.0,22,1,405.71,405.71
16205.0,30,4,761.38,190.345
16206.0,54,4,537.0600000000001,134.26500000000001
16207.0,24,1,394.38,394.38
16208.0,44,2,664.26,332.13
16209.0,88,5,2262.62,452.524
16210.0,1,18,21086.3,1171.461111111111
16211.0,88,1,547.02,547.02
16212.0,18,2,690.34,345.17
16213.0,78,1,159.0,159.0
16214.0,170,3,1062.75,354.25
16215.0,80,1,242.35,242.35
16216.0,266,1,914.9300000000001,914.9300000000001
16217.0,234,2,304.25,152.125
16218.0,29,7,3084.68,440.6685714285714
16221.0,36,3,864.86,288.2866666666667
16222.0,317,1,846.72,846.72
16224.0,56,4,1295.3,323.825
16225.0,44,5,1096.32,219.26399999999998
16226.0,202,3,255.12,85.04
16227.0,224,1,314.22,314.22
16229.0,86,2,1010.6,505.3
16230.0,189,2,542.03,271.015
16232.0,43,4,990.88,247.72
16233.0,70,3,536.6800000000001,178.89333333333335
16235.0,40,5,867.3100000000001,173.46200000000002
16236.0,77,1,432.2,432.2
16239.0,56,2,414.2,207.1
16240.0,23,2,3718.8,1859.4
16241.0,9,13,2607.87,200.6053846153846
16242.0,7,7,3603.21,514.7442857142858
16243.0,33,2,409.1,204.55
16244.0,211,2,1522.75,761.375
16245.0,23,3,1413.66,471.22
16247.0,169,1,114.56,114.56
16248.0,61,1,152.94,152.94
16249.0,52,5,1800.07,360.014
16250.0,260,2,389.44,194.72
16253.0,66,2,3683.86,1841.93
16255.0,16,8,2619.91,327.48875
16256.0,266,1,752.4300000000001,752.4300000000001
16257.0,176,1,46.95,46.95
16258.0,44,5,5203.51,1040.702
16260.0,50,1,1035.45,1035.45
16261.0,16,4,746.83,186.7075
16265.0,8,9,5447.0,605.2222222222222
16266.0,73,7,861.89,123.12714285714286
16268.0,70,2,667.65,333.825
16270.0,352,1,1141.24,1141.24
16271.0,2,5,1429.24,285.848
16272.0,116,1,411.7,411.7
16274.0,372,1,357.95,357.95
16275.0,196,1,559.87,559.87
16276.0,176,1,810.6,810.6
16278.0,99,1,566.38,566.38
16279.0,20,3,1509.58,503.1933333333333
16281.0,71,1,2062.06,2062.06
16282.0,339,1,168.3,168.3
16283.0,5,5,1570.81,314.162
16284.0,30,2,823.97,411.985
16287.0,169,1,142.5,142.5
16292.0,121,1,302.25,302.25
16293.0,21,10,2248.9900000000002,224.89900000000003
16295.0,9,4,1328.55,332.1375
16297.0,268,1,301.9,301.9
16298.0,22,3,598.2,199.4
16302.0,126,1,233.22,233.22
16303.0,25,3,5360.63,1786.8766666666668
16305.0,138,1,361.22,361.22
16306.0,213,6,632.27,105.37833333333333
16308.0,37,4,2560.0,640.0
16309.0,105,2,706.57,353.285
16311.0,17,2,616.26,308.13
16313.0,2,2,274.15000000000003,137.07500000000002
16315.0,330,1,226.37,226.37
16316.0,63,8,2938.91,367.36375
16317.0,119,3,1341.65,447.2166666666667
16318.0,34,1,328.15000000000003,328.15000000000003
16319.0,217,1,404.40000000000003,404.40000000000003
16320.0,171,2,1038.46,519.23
16321.0,71,5,373.65000000000003,74.73
16322.0,0,2,326.75,163.375
16323.0,195,1,207.50000000000003,207.50000000000003
16324.0,127,3,428.68,142.89333333333335
16325.0,46,3,594.24,198.08
16326.0,5,14,3110.96,222.21142857142857
16327.0,13,6,3844.2200000000003,640.7033333333334
16330.0,17,3,251.91,83.97
16332.0,27,7,1593.2,227.6
16333.0,7,22,26626.8,1210.3090909090909
16337.0,36,1,151.05,151.05
16338.0,156,1,214.8,214.8
16339.0,283,1,109.95,109.95
16340.0,106,1,549.07,549.07
16341.0,24,4,1971.8700000000001,492.96750000000003
16342.0,74,4,322.41,80.6025
16343.0,15,2,370.48,185.24
16344.0,157,1,101.10000000000001,101.10000000000001
16345.0,43,1,575.41,575.41
16347.0,10,2,887.65,443.825
16348.0,31,7,1469.45,209.92142857142858
16349.0,290,1,53.5,53.5
16350.0,20,4,1116.47,279.1175
16351.0,332,1,153.9,153.9
16352.0,17,2,494.44,247.22
16353.0,3,23,6675.71,290.24826086956523
16354.0,62,2,395.8,197.9
16356.0,197,3,211.77,70.59
16357.0,32,3,658.88,219.62666666666667
16358.0,0,4,2027.5,506.875
16359.0,6,9,1750.92,194.54666666666668
16360.0,4,6,3512.53,585.4216666666667
16361.0,9,4,896.66,224.165
16362.0,31,5,734.77,146.954
16363.0,52,1,109.36000000000001,109.36000000000001
16364.0,11,2,707.04,353.52
16365.0,17,9,1540.42,171.1577777777778
16366.0,18,1,327.3,327.3
16367.0,36,2,804.49,402.245
16368.0,1,2,497.43,248.715
16369.0,17,3,1553.66,517.8866666666667
16370.0,81,4,1320.56,330.14
16372.0,32,2,367.93,183.965
16374.0,65,2,473.03,236.515
16376.0,8,2,987.01,493.505
16377.0,266,1,676.2,676.2
16378.0,246,3,362.95,120.98333333333333
16379.0,3,4,2157.4,539.35
16380.0,60,1,1780.59,1780.59
16383.0,74,2,668.36,334.18
16384.0,89,2,584.5,292.25
16385.0,59,3,555.89,185.29666666666665
16386.0,28,2,317.2,158.6
16387.0,322,1,94.36,94.36
16389.0,52,4,1382.0700000000002,345.51750000000004
16392.0,269,1,221.19,221.19
16393.0,1,13,3046.21,234.32384615384615
16394.0,56,5,1555.34,311.068
16395.0,60,5,1486.9,297.38
16398.0,153,2,1705.8,852.9
16399.0,18,2,408.57,204.285
16400.0,94,1,303.93,303.93
16401.0,0,12,4098.32,341.52666666666664
16402.0,264,2,299.6,149.8
16403.0,311,1,177.5,177.5
16404.0,69,1,443.05,443.05
16405.0,301,2,167.25,83.625
16406.0,18,1,163.07,163.07
16407.0,12,10,2126.93,212.69299999999998
16409.0,35,5,2028.88,405.776
16411.0,18,2,214.65,107.325
16412.0,53,1,151.83,151.83
16413.0,56,1,262.2,262.2
16414.0,21,2,126.25,63.125
16415.0,43,1,210.35,210.35
16416.0,26,3,1051.4,350.4666666666667
16418.0,44,3,675.27,225.09
16419.0,112,6,972.23,162.03833333333333
16422.0,16,51,34684.4,680.086274509804
16423.0,24,1,346.12,346.12
16424.0,190,1,133.56,133.56
16425.0,301,1,302.7,302.7
16426.0,1,10,1908.25,190.825
16427.0,262,2,241.06,120.53
16429.0,105,1,284.55,284.55
16430.0,56,1,300.85,300.85
16431.0,212,3,642.81,214.26999999999998
16432.0,63,1,287.40000000000003,287.40000000000003
16433.0,27,1,184.26,184.26
16434.0,28,7,1522.25,217.46428571428572
16438.0,5,5,798.35,159.67000000000002
16440.0,7,5,3640.67,728.134
16441.0,66,2,381.2,190.6
16442.0,1,3,616.79,205.59666666666666
16444.0,45,4,654.67,163.6675
16445.0,33,1,230.51,230.51
16446.0,0,2,168472.5,84236.25
16447.0,135,1,259.01,259.01
16448.0,197,1,188.89000000000001,188.89000000000001
16449.0,197,2,707.69,353.845
16450.0,149,1,311.92,311.92
16451.0,87,1,266.97,266.97
16454.0,44,2,6.9,3.45
16455.0,63,7,1841.18,263.0257142857143
16456.0,98,5,2158.37,431.674
16457.0,217,1,208.36,208.36
16458.0,2,18,3482.7400000000002,193.48555555555558
16460.0,27,3,814.72,271.5733333333333
16461.0,177,1,151.42,151.42
16462.0,73,3,136.0,45.333333333333336
16463.0,20,4,1422.4,355.6
16464.0,19,3,1314.68,438.2266666666667
16466.0,33,7,1603.46,229.06571428571428
16468.0,73,1,74.9,74.9
16469.0,23,4,650.43,162.6075
16470.0,51,4,762.39,190.5975
16471.0,274,1,223.95000000000002,223.95000000000002
16473.0,164,3,316.11,105.37
16474.0,6,7,1871.5,267.35714285714283
16475.0,87,4,544.3,136.075
16477.0,63,7,2494.46,356.3514285714286
16478.0,24,3,331.0,110.33333333333333
16479.0,9,2,300.83,150.415
16480.0,75,1,769.29,769.29
16482.0,15,1,220.62,220.62
16483.0,191,1,139.35,139.35
16484.0,173,2,404.3,202.15
16485.0,76,1,363.65,363.65
16488.0,32,3,498.8,166.26666666666668
16491.0,46,1,731.5,731.5
16493.0,79,4,1351.63,337.9075
16494.0,296,1,826.53,826.53
16495.0,2,3,684.41,228.13666666666666
16496.0,8,3,1599.52,533.1733333333333
16497.0,49,6,2965.69,494.2816666666667
16498.0,160,2,100.97,50.485
16499.0,359,2,365.45,182.725
16500.0,4,6,400.86,66.81
16503.0,106,4,1431.93,357.9825
16504.0,24,1,484.38,484.38
16505.0,31,1,777.6,777.6
16506.0,19,2,90.30000000000001,45.150000000000006
16509.0,296,1,363.70000000000005,363.70000000000005
16510.0,371,1,248.1,248.1
16511.0,21,3,950.26,316.75333333333333
16513.0,4,4,874.59,218.6475
16515.0,51,5,1627.13,325.42600000000004
16516.0,29,1,101.69999999999999,101.69999999999999
16517.0,276,1,162.70000000000002,162.70000000000002
16518.0,60,2,484.32,242.16
16519.0,24,2,215.07999999999998,107.53999999999999
16520.0,185,3,1046.57,348.8566666666666
16523.0,1,21,9418.470000000001,448.4985714285715
16525.0,1,26,13027.45,501.0557692307693
16526.0,171,1,290.36,290.36
16527.0,80,1,228.06,228.06
16528.0,3,1,244.41,244.41
16529.0,189,1,455.25,455.25
16531.0,21,7,1244.59,177.79857142857142
16532.0,17,3,6748.8,2249.6
16533.0,18,3,1095.56,365.18666666666667
16535.0,4,1,593.75,593.75
16536.0,109,1,548.97,548.97
16539.0,2,4,1388.81,347.2025
16542.0,53,1,119.62,119.62
16545.0,164,1,339.3,339.3
16546.0,290,2,787.15,393.575
16549.0,9,10,4154.64,415.46400000000006
16550.0,108,5,2298.97,459.794
16551.0,95,3,922.12,307.37333333333333
16552.0,242,2,379.73,189.865
16553.0,162,12,5719.82,476.65166666666664
16554.0,41,3,837.1,279.03333333333336
16555.0,34,2,285.89,142.945
16556.0,66,7,3313.79,473.3985714285714
16557.0,23,2,281.85,140.925
16558.0,0,20,8338.49,416.92449999999997
16560.0,26,2,841.41,420.705
16561.0,5,2,511.12,255.56
16563.0,53,1,1077.74,1077.74
16565.0,363,1,173.7,173.7
16566.0,14,5,614.66,122.93199999999999
16567.0,193,2,865.6,432.8
16569.0,2,1,124.2,124.2
16570.0,14,10,3738.4,373.84000000000003
16571.0,26,3,1421.69,473.8966666666667
16572.0,126,3,1009.6,336.53333333333336
16573.0,84,2,663.61,331.805
16574.0,70,1,451.44,451.44
16581.0,182,1,105.84,105.84
16582.0,112,1,313.62,313.62
16583.0,373,1,233.45,233.45
16584.0,79,2,936.08,468.04
16586.0,248,1,463.95,463.95
16587.0,231,1,225.15,225.15
16589.0,70,3,459.24,153.08
16591.0,68,1,213.5,213.5
16592.0,3,16,4113.68,257.105
16593.0,50,3,330.03,110.00999999999999
16594.0,74,1,181.09,181.09
16595.0,60,1,360.16,360.16
16596.0,15,2,250.15,125.075
16597.0,3,1,90.04,90.04
16598.0,285,1,145.05,145.05
16600.0,3,6,813.52,135.58666666666667
16601.0,40,1,244.8,244.8
16602.0,35,1,528.08,528.08
16603.0,74,2,482.47,241.235
16607.0,17,14,3347.71,239.12214285714285
16609.0,14,7,5493.46,784.78
16610.0,218,1,75.66,75.66
16611.0,185,1,129.49,129.49
16612.0,32,4,1187.66,296.915
16613.0,69,1,618.59,618.59
16614.0,182,1,506.19,506.19
16616.0,14,2,500.42,250.21
16617.0,235,1,151.85,151.85
16618.0,30,5,2647.59,529.518
16619.0,263,1,226.21,226.21
16620.0,3,2,178.96,89.48
16621.0,51,4,813.48,203.37
16623.0,245,1,129.45000000000002,129.45000000000002
16624.0,80,2,810.57,405.285
16625.0,274,1,333.08,333.08
16626.0,0,17,4413.1,259.59411764705885
16627.0,78,1,322.8,322.8
16628.0,29,5,2188.05,437.61
16629.0,73,2,417.73,208.865
16633.0,16,6,2883.1,480.51666666666665
16634.0,222,2,217.9,108.95
16637.0,31,4,1154.47,288.6175
16638.0,22,10,1680.72,168.072
16639.0,30,3,1257.51,419.17
16641.0,105,1,231.1,231.1
16642.0,4,2,688.33,344.165
16643.0,245,1,487.51,487.51
16644.0,177,2,833.78,416.89
16647.0,169,2,214.06,107.03
16648.0,42,1,290.66,290.66
16650.0,71,1,518.42,518.42
16652.0,58,7,6773.97,967.71
16653.0,15,2,1212.66,606.33
16654.0,140,4,601.27,150.3175
16655.0,17,6,3794.52,632.42
16656.0,21,15,8625.8,575.0533333333333
16657.0,9,4,933.62,233.405
16658.0,367,1,123.24,123.24
16659.0,188,1,39.12,39.12
16660.0,15,4,1267.65,316.9125
16665.0,361,1,135.4,135.4
16666.0,18,1,118.98,118.98
16667.0,67,2,570.13,285.065
16668.0,14,6,306.72,51.120000000000005
16669.0,23,3,1374.87,458.28999999999996
16670.0,16,11,4095.9,372.3545454545455
16671.0,27,3,1692.27,564.09
16672.0,1,20,8134.9400000000005,406.747
16674.0,54,2,319.61,159.805
16676.0,33,4,1592.12,398.03
16678.0,2,12,3109.99,259.1658333333333
16679.0,365,1,129.75,129.75
16680.0,42,1,183.7,183.7
16681.0,72,6,1770.3400000000001,295.0566666666667
16682.0,4,5,1028.0,205.6
16684.0,3,28,66653.56,2380.4842857142858
16685.0,60,2,324.24,162.12
16686.0,46,7,3062.83,437.54714285714283
16688.0,0,4,1260.8600000000001,315.21500000000003
16689.0,75,2,422.6,211.3
16690.0,71,2,225.58,112.79
16692.0,255,2,1276.0,638.0
16693.0,68,2,482.01,241.005
16696.0,134,4,657.9,164.475
16697.0,240,1,112.75,112.75
16698.0,226,2,1998.0,999.0
16700.0,8,13,5076.55,390.50384615384615
16701.0,8,13,5398.3,415.25384615384615
16705.0,0,20,14034.99,701.7495
16706.0,36,3,531.35,177.11666666666667
16708.0,45,1,656.63,656.63
16709.0,84,5,3029.87,605.9739999999999
16710.0,18,10,2483.04,248.304
16711.0,2,5,1651.03,330.206
16712.0,8,11,3645.43,331.40272727272725
16713.0,18,15,6923.13,461.54200000000003
16714.0,218,3,1161.53,387.1766666666667
16715.0,77,1,301.71999999999997,301.71999999999997
16716.0,266,2,901.2,450.6
16717.0,23,6,3858.38,643.0633333333334
16718.0,368,1,623.75,623.75
16719.0,14,7,1790.42,255.77428571428572
16720.0,25,1,155.24,155.24
16721.0,261,1,292.47,292.47
16722.0,16,13,4730.81,363.90846153846155
16723.0,90,2,589.15,294.575
16725.0,301,7,781.02,111.57428571428571
16726.0,25,5,1382.02,276.404
16727.0,363,1,272.82,272.82
16728.0,45,4,1054.67,263.6675
16729.0,37,21,7239.92,344.7580952380952
16730.0,51,3,743.11,247.70333333333335
16732.0,31,1,603.75,603.75
16734.0,51,3,650.51,216.83666666666667
16735.0,78,5,2300.56,460.11199999999997
16737.0,52,1,417.6,417.6
16738.0,297,1,3.75,3.75
16739.0,176,1,323.0,323.0
16742.0,46,1,464.9,464.9
16743.0,28,7,2238.09,319.7271428571429
16744.0,10,7,1304.76,186.3942857142857
16745.0,86,17,7194.3,423.1941176470588
16746.0,4,18,6697.66,372.09222222222223
16747.0,37,2,836.0600000000001,418.03000000000003
16748.0,17,5,1515.9,303.18
16750.0,44,5,623.93,124.78599999999999
16751.0,30,1,1764.72,1764.72
16752.0,372,1,207.5,207.5
16753.0,57,1,223.92000000000002,223.92000000000002
16754.0,371,1,2002.4,2002.4
16755.0,113,3,1496.83,498.9433333333333
16756.0,214,1,239.4,239.4
16757.0,318,1,106.83000000000001,106.83000000000001
16758.0,64,1,369.34000000000003,369.34000000000003
16759.0,7,3,789.79,263.2633333333333
16761.0,96,1,316.62,316.62
16762.0,19,3,1501.38,500.46000000000004
16763.0,198,1,611.8499999999999,611.8499999999999
16764.0,3,13,2799.25,215.32692307692307
16765.0,293,1,34.0,34.0
16766.0,272,2,1145.6,572.8
16767.0,30,11,5580.6,507.32727272727277
16768.0,47,3,478.09000000000003,159.36333333333334
16769.0,259,1,380.39,380.39
16770.0,57,5,770.1,154.02
16771.0,32,5,2246.81,449.36199999999997
16773.0,56,1,171.59,171.59
16774.0,67,4,661.52,165.38
16775.0,9,11,1695.66,154.1509090909091
16776.0,59,1,388.28,388.28
16777.0,79,2,226.35,113.175
16778.0,73,2,245.94,122.97
16779.0,1,22,10629.72,483.16909090909087
16780.0,99,2,425.19,212.595
16781.0,371,1,311.25,311.25
16782.0,9,13,2279.9,175.37692307692308
16784.0,19,1,107.6,107.6
16788.0,122,2,597.48,298.74
16789.0,7,1,80.80000000000001,80.80000000000001
16790.0,3,6,1545.6200000000001,257.60333333333335
16791.0,28,7,1721.78,245.96857142857144
16792.0,281,2,110.38,55.19
16793.0,56,1,243.84,243.84
16794.0,0,10,1222.71,122.271
16795.0,364,1,414.88,414.88
16796.0,88,1,305.62,305.62
16800.0,10,1,1201.49,1201.49
16801.0,162,4,1619.73,404.9325
16803.0,64,1,332.3,332.3
16804.0,22,3,536.99,178.99666666666667
16805.0,173,2,460.59000000000003,230.29500000000002
16806.0,102,4,801.49,200.3725
16807.0,142,3,1121.59,373.8633333333333
16808.0,98,2,288.42,144.21
16809.0,22,5,914.69,182.93800000000002
16810.0,191,1,309.54,309.54
16811.0,4,2,547.07,273.535
16812.0,360,1,479.35,479.35
16813.0,7,10,1692.98,169.298
16814.0,13,21,6509.1,309.95714285714286
16816.0,102,4,417.06,104.265
16817.0,2,9,1604.75,178.30555555555554
16818.0,10,11,3349.57,304.50636363636363
16820.0,95,1,497.61,497.61
16823.0,226,1,358.38,358.38
16824.0,15,2,460.64,230.32
16825.0,38,2,775.18,387.59
16826.0,50,1,341.7,341.7
16828.0,92,2,128.5,64.25
16829.0,156,1,197.22,197.22
16830.0,38,1,325.91,325.91
16832.0,183,3,199.15,66.38333333333334
16833.0,0,4,1106.53,276.6325
16834.0,227,1,413.46,413.46
16835.0,127,2,180.85,90.425
16836.0,39,2,251.87,125.935
16837.0,30,11,3170.98,288.2709090909091
16838.0,196,2,588.85,294.425
16839.0,8,34,16594.35,488.06911764705876
16841.0,36,6,1869.82,311.63666666666666
16842.0,100,3,1264.19,421.3966666666667
16843.0,42,16,10196.57,637.285625
16846.0,49,1,214.32,214.32
16847.0,42,1,193.44,193.44
16848.0,52,1,281.42,281.42
16849.0,186,1,124.57,124.57
16850.0,333,1,332.41,332.41
16851.0,3,3,342.45,114.14999999999999
16852.0,9,2,144.91,72.455
16855.0,23,2,328.40000000000003,164.20000000000002
16856.0,14,1,35.400000000000006,35.400000000000006
16858.0,368,1,375.69000000000005,375.69000000000005
16859.0,144,2,747.81,373.905
16861.0,59,2,173.76,86.88
16863.0,30,2,502.8,251.4
16866.0,140,3,207.74,69.24666666666667
16869.0,22,4,825.4200000000001,206.35500000000002
16871.0,21,6,2812.34,468.72333333333336
16872.0,76,3,680.02,226.67333333333332
16873.0,4,6,7123.62,1187.27
16875.0,66,5,2095.53,419.10600000000005
16877.0,11,6,853.72,142.28666666666666
16878.0,83,1,13.3,13.3
16880.0,30,7,1519.08,217.01142857142855
16881.0,66,1,432.0,432.0
16882.0,66,3,705.12,235.04
16883.0,186,2,276.73,138.365
16884.0,37,2,429.84,214.92
16885.0,14,3,471.51,157.17
16887.0,34,1,194.88,194.88
16889.0,194,3,1578.67,526.2233333333334
16891.0,1,5,809.7,161.94
16892.0,0,5,525.54,105.10799999999999
16893.0,366,1,145.93,145.93
16895.0,64,1,219.14,219.14
16897.0,298,2,289.78,144.89
16898.0,25,3,508.81,169.60333333333332
16899.0,7,6,1281.56,213.59333333333333
16900.0,16,3,887.11,295.7033333333333
16902.0,115,1,1706.88,1706.88
16903.0,28,1,373.24,373.24
16904.0,3,16,3754.27,234.641875
16905.0,4,7,3102.43,443.2042857142857
16906.0,81,4,579.77,144.9425
16907.0,28,5,981.65,196.32999999999998
16909.0,71,1,379.14,379.14
16910.0,3,8,1510.06,188.7575
16912.0,28,11,2575.38,234.12545454545455
16913.0,289,1,113.44,113.44
16914.0,35,1,208.46,208.46
16915.0,8,6,621.6800000000001,103.61333333333334
16916.0,23,2,576.26,288.13
16917.0,276,1,391.52,391.52
16918.0,49,6,1068.82,178.13666666666666
16919.0,155,11,2596.45,236.04090909090908
16921.0,60,1,169.79,169.79
16923.0,11,19,7247.61,381.4531578947368
16924.0,20,3,846.75,282.25
16926.0,370,1,230.25,230.25
16927.0,115,3,543.05,181.01666666666665
16928.0,79,17,2847.6,167.50588235294117
16929.0,3,7,1295.39,185.0557142857143
16930.0,25,3,380.55,126.85000000000001
16931.0,4,21,4604.22,219.24857142857144
16932.0,52,1,161.94,161.94
16933.0,0,2,563.23,281.615
16934.0,54,2,950.9300000000001,475.46500000000003
16936.0,25,1,262.68,262.68
16938.0,8,4,2736.38,684.095
16940.0,51,3,3049.88,1016.6266666666667
16942.0,12,9,1920.59,213.39888888888888
16943.0,211,3,816.73,272.24333333333334
16945.0,21,19,4345.5,228.71052631578948
16947.0,235,1,406.48,406.48
16948.0,138,3,435.02,145.00666666666666
16949.0,3,6,1286.27,214.37833333333333
16950.0,56,3,1178.56,392.8533333333333
16951.0,134,3,1277.75,425.9166666666667
16952.0,108,2,167.61,83.805
16953.0,29,1,20.8,20.8
16954.0,0,9,2085.08,231.67555555555555
16955.0,184,4,518.67,129.6675
16956.0,17,1,308.74,308.74
16957.0,238,2,416.64,208.32
16959.0,86,1,117.35000000000001,117.35000000000001
16960.0,38,3,507.05,169.01666666666668
16961.0,115,1,234.17000000000002,234.17000000000002
16963.0,186,1,110.55000000000001,110.55000000000001
16965.0,226,1,201.19,201.19
16966.0,7,7,2154.97,307.8528571428571
16967.0,188,1,319.02,319.02
16968.0,3,2,439.43,219.715
16969.0,38,3,650.41,216.8033333333333
16971.0,37,1,357.21,357.21
16976.0,266,1,251.51999999999998,251.51999999999998
16978.0,77,1,344.33,344.33
16979.0,3,6,1852.0,308.6666666666667
16980.0,254,2,1078.96,539.48
16982.0,60,1,384.06,384.06
16983.0,12,7,1931.25,275.89285714285717
16984.0,87,2,4481.35,2240.675
16985.0,16,10,5464.12,546.412
16986.0,29,2,1873.2,936.6
16987.0,2,7,1625.05,232.15
16988.0,4,1,126.12,126.12
16989.0,6,6,1133.25,188.875
16990.0,218,1,179.0,179.0
16992.0,10,5,1614.31,322.86199999999997
16996.0,29,6,1456.96,242.82666666666668
16997.0,287,3,702.0,234.0
16998.0,149,4,295.0,73.75
16999.0,22,2,484.82,242.41
17001.0,0,11,3989.57,362.6881818181818
17002.0,85,3,1493.73,497.91
17004.0,45,2,1412.94,706.47
17006.0,4,4,781.78,195.445
17007.0,50,6,889.9300000000001,148.3216666666667
17010.0,17,1,195.36,195.36
17011.0,29,1,270.9,270.9
17014.0,7,3,586.33,195.44333333333336
17015.0,28,3,1842.56,614.1866666666666
17017.0,2,20,8694.26,434.713
17018.0,40,2,920.1,460.05
17019.0,10,4,1272.61,318.1525
17022.0,30,1,71.0,71.0
17024.0,44,3,95.85,31.95
17025.0,60,3,357.77,119.25666666666666
17026.0,184,2,154.83,77.415
17027.0,78,6,890.29,148.38166666666666
17029.0,110,2,716.0,358.0
17030.0,63,1,146.87,146.87
17031.0,11,2,380.35,190.175
17033.0,85,3,1030.14,343.38000000000005
17034.0,15,3,745.52,248.50666666666666
17035.0,245,2,433.53000000000003,216.76500000000001
17037.0,87,1,1267.32,1267.32
17038.0,29,1,112.4,112.4
17040.0,137,1,449.73,449.73
17041.0,26,3,1081.57,360.5233333333333
17042.0,2,5,1044.38,208.87600000000003
17043.0,31,4,1735.18,433.795
17044.0,24,1,948.48,948.48
17045.0,112,3,339.44,113.14666666666666
17046.0,156,1,642.02,642.02
17047.0,84,3,1100.9,366.9666666666667
17048.0,117,3,925.35,308.45
17049.0,2,9,5659.9800000000005,628.8866666666668
17050.0,95,6,3228.84,538.14
17051.0,193,1,247.14,247.14
17052.0,27,1,413.75,413.75
17053.0,130,1,498.48,498.48
17054.0,27,5,1356.33,271.26599999999996
17058.0,81,3,1179.89,393.2966666666667
17059.0,29,5,3095.04,619.008
17060.0,265,1,234.24,234.24
17061.0,73,11,5232.2300000000005,475.65727272727275
17062.0,313,4,538.37,134.5925
17063.0,20,7,1461.14,208.73428571428573
17064.0,58,3,859.35,286.45
17068.0,11,21,4552.14,216.76857142857145
17069.0,27,9,2709.7000000000003,301.0777777777778
17070.0,113,1,312.14,312.14
17071.0,27,9,2429.03,269.89222222222224
17073.0,17,4,1446.09,361.5225
17075.0,17,4,834.12,208.53
17076.0,35,3,841.0799999999999,280.35999999999996
17078.0,35,2,378.2,189.1
17079.0,77,1,118.80000000000001,118.80000000000001
17080.0,21,2,287.62,143.81
17081.0,24,2,290.16,145.08
17082.0,32,2,2003.8500000000001,1001.9250000000001
17083.0,108,3,1405.78,468.5933333333333
17084.0,34,2,2949.75,1474.875
17085.0,122,5,1566.65,313.33000000000004
17086.0,6,6,2050.08,341.68
17088.0,27,4,1991.01,497.7525
17090.0,3,7,2043.95,291.99285714285713
17091.0,2,9,3827.76,425.3066666666667
17092.0,49,4,1777.78,444.445
17094.0,321,1,302.0,302.0
17095.0,22,3,1324.16,441.3866666666667
17096.0,14,4,1022.13,255.5325
17097.0,1,8,954.42,119.3025
17100.0,17,2,971.74,485.87
17101.0,9,4,1621.73,405.4325
17102.0,261,1,25.5,25.5
17105.0,158,2,665.78,332.89
17107.0,32,6,10815.43,1802.5716666666667
17109.0,28,6,885.04,147.50666666666666
17110.0,164,1,163.29999999999998,163.29999999999998
17111.0,46,1,248.61,248.61
17114.0,5,8,808.62,101.0775
17115.0,7,3,837.5,279.1666666666667
17117.0,287,1,116.2,116.2
17118.0,317,1,157.02,157.02
17119.0,2,2,606.91,303.455
17120.0,232,1,307.46,307.46
17122.0,118,1,138.32,138.32
17123.0,161,1,345.3,345.3
17124.0,184,1,298.89,298.89
17125.0,49,1,259.35,259.35
17126.0,151,5,1004.75,200.95
17128.0,334,1,157.09,157.09
17131.0,4,5,2463.17,492.634
17133.0,15,7,4892.240000000001,698.8914285714287
17134.0,106,2,425.0,212.5
17135.0,15,7,1139.73,162.81857142857143
17138.0,275,1,380.5,380.5
17139.0,15,12,10668.47,889.0391666666666
17140.0,246,1,465.32,465.32
17142.0,238,1,579.0,579.0
17144.0,0,2,984.57,492.285
17146.0,105,3,749.78,249.92666666666665
17147.0,22,4,1714.59,428.6475
17148.0,51,1,124.88,124.88
17152.0,194,3,1689.5,563.1666666666666
17153.0,23,1,213.78,213.78
17154.0,74,1,329.34,329.34
17155.0,17,2,251.7,125.85
17157.0,7,2,319.0,159.5
17158.0,31,3,1266.97,422.3233333333333
17159.0,21,3,1538.88,512.96
17160.0,30,6,3518.03,586.3383333333334
17162.0,28,10,1715.46,171.546
17163.0,21,2,293.1,146.55
17164.0,32,7,2467.35,352.4785714285714
17165.0,283,1,158.68,158.68
17166.0,38,2,206.34,103.17
17169.0,57,2,835.78,417.89
17171.0,288,1,224.91,224.91
17172.0,78,1,317.76,317.76
17173.0,4,8,3766.6,470.825
17174.0,217,1,59.9,59.9
17175.0,43,4,1443.69,360.9225
17176.0,201,1,306.13,306.13
17179.0,177,3,711.79,237.26333333333332
17180.0,55,4,796.03,199.0075
17181.0,56,2,239.92000000000002,119.96000000000001
17183.0,7,6,3347.31,557.885
17186.0,46,2,144.0,72.0
17187.0,226,1,203.95,203.95
17188.0,10,7,2474.23,353.4614285714286
17189.0,105,2,384.4,192.2
17190.0,58,2,444.74,222.37
17191.0,27,7,2095.13,299.30428571428575
17193.0,35,7,1699.3,242.75714285714284
17194.0,273,2,262.62,131.31
17197.0,29,1,1013.01,1013.01
17198.0,23,3,692.22,230.74
17201.0,53,1,342.63,342.63
17203.0,35,6,3563.85,593.975
17204.0,174,4,1564.56,391.14
17205.0,53,1,384.08,384.08
17206.0,52,1,204.24,204.24
17211.0,26,8,2317.2200000000003,289.65250000000003
17212.0,252,1,226.85,226.85
17213.0,39,7,2781.23,397.31857142857143
17214.0,59,6,1069.1200000000001,178.1866666666667
17217.0,233,1,113.5,113.5
17218.0,3,10,1960.72,196.072
17219.0,31,1,114.23,114.23
17220.0,23,14,3198.25,228.44642857142858
17221.0,6,2,335.13,167.565
17222.0,64,1,354.15,354.15
17223.0,309,2,426.79,213.395
17226.0,308,1,393.49,393.49
17227.0,18,6,939.32,156.55333333333334
17228.0,15,8,1906.09,238.26125
17229.0,95,2,318.76,159.38
17230.0,263,8,3638.41,454.80125
17231.0,11,10,3174.32,317.432
17232.0,2,2,421.52,210.76
17233.0,34,1,190.88,190.88
17234.0,182,1,149.89,149.89
17235.0,24,2,550.0600000000001,275.03000000000003
17236.0,12,6,916.13,152.68833333333333
17237.0,10,2,314.69,157.345
17238.0,2,17,3744.65,220.2735294117647
17239.0,312,1,382.5,382.5
17242.0,107,2,1135.04,567.52
17243.0,0,26,8676.85,333.725
17244.0,52,1,954.9,954.9
17245.0,204,1,171.45000000000002,171.45000000000002
17247.0,14,1,282.19,282.19
17248.0,119,1,318.65,318.65
17250.0,3,2,384.52,192.26
17251.0,362,1,283.28000000000003,283.28000000000003
17252.0,116,2,353.86,176.93
17253.0,17,1,178.26,178.26
17254.0,4,2,272.44,136.22
17255.0,40,2,298.41,149.205
17256.0,106,2,240.0,120.0
17259.0,147,2,603.37,301.685
17262.0,51,5,1253.3600000000001,250.67200000000003
17263.0,207,1,63.440000000000005,63.440000000000005
17265.0,138,2,562.9,281.45
17266.0,1,3,310.64,103.54666666666667
17267.0,126,2,317.62,158.81
17268.0,107,4,763.64,190.91
17272.0,41,4,2148.63,537.1575
17274.0,34,1,111.98,111.98
17277.0,227,2,1065.3500000000001,532.6750000000001
17278.0,240,1,246.04000000000002,246.04000000000002
17279.0,57,1,187.82999999999998,187.82999999999998
17282.0,129,3,1703.41,567.8033333333334
17284.0,59,6,1652.58,275.43
17286.0,21,1,153.92,153.92
17287.0,25,7,1064.11,152.01571428571427
17288.0,8,7,1419.73,202.81857142857143
17289.0,31,3,944.41,314.80333333333334
17290.0,3,2,525.24,262.62
17291.0,307,1,550.8000000000001,550.8000000000001
17293.0,7,9,1875.11,208.34555555555553
17295.0,28,3,556.95,185.65
17297.0,16,1,131.78,131.78
17298.0,100,2,498.42,249.21
17299.0,11,4,669.11,167.2775
17301.0,20,1,197.63,197.63
17302.0,14,5,1135.63,227.12600000000003
17303.0,360,1,250.04,250.04
17306.0,10,19,8631.31,454.2794736842105
17309.0,94,1,82.75,82.75
17311.0,77,2,1384.85,692.425
17312.0,138,3,644.3,214.76666666666665
17313.0,30,1,2328.84,2328.84
17314.0,24,8,2527.92,315.99
17315.0,1,38,6292.26,165.58578947368423
17317.0,45,3,2600.34,866.7800000000001
17320.0,99,3,1200.6200000000001,400.2066666666667
17321.0,7,2,700.86,350.43
17323.0,14,7,921.0699999999999,131.58142857142857
17324.0,17,4,990.23,247.5575
17325.0,279,1,96.8,96.8
17329.0,13,2,523.11,261.555
17330.0,22,2,363.9,181.95
17331.0,123,1,175.2,175.2
17333.0,85,1,494.25,494.25
17334.0,301,2,307.02000000000004,153.51000000000002
17337.0,150,4,2027.8700000000001,506.96750000000003
17338.0,16,8,6643.93,830.49125
17339.0,93,2,243.36,121.68
17340.0,29,11,12353.29,1123.0263636363636
17341.0,156,3,781.36,260.4533333333333
17343.0,354,1,193.64,193.64
17344.0,45,1,160.57,160.57
17345.0,14,4,537.74,134.435
17346.0,3,15,2676.56,178.43733333333333
17347.0,85,1,228.96,228.96
17348.0,14,5,1159.52,231.904
17349.0,178,1,110.75,110.75
17350.0,7,4,1286.07,321.5175
17351.0,35,3,587.15,195.71666666666667
17353.0,128,2,1740.0,870.0
17354.0,50,1,1393.06,1393.06
17356.0,311,1,178.22,178.22
17357.0,23,2,388.14,194.07
17358.0,302,2,365.85,182.925
17359.0,10,1,127.86,127.86
17360.0,16,3,585.79,195.26333333333332
17361.0,48,3,488.2,162.73333333333332
17362.0,238,2,312.23,156.115
17364.0,0,11,4481.18,407.38000000000005
17365.0,12,8,4801.56,600.195
17367.0,237,1,168.4,168.4
17368.0,22,8,1912.67,239.08375
17370.0,72,4,446.18,111.545
17371.0,16,3,423.89,141.29666666666665
17372.0,40,8,1342.68,167.835
17373.0,39,4,646.92,161.73
17374.0,218,2,495.77,247.885
17375.0,198,3,400.1,133.36666666666667
17376.0,70,2,203.2,101.6
17377.0,23,20,4100.92,205.046
17379.0,10,1,404.66,404.66
17381.0,8,29,20275.61,699.1589655172414
17382.0,64,1,65.4,65.4
17383.0,3,1,199.29,199.29
17384.0,18,2,336.4,168.2
17385.0,14,1,261.11,261.11
17386.0,7,6,2686.42,447.7366666666667
17387.0,19,2,784.11,392.055
17388.0,77,4,1259.56,314.89
17389.0,0,34,31833.68,936.2847058823529
17391.0,163,2,508.8,254.4
17392.0,306,2,457.91,228.955
17394.0,218,1,203.86999999999998,203.86999999999998
17396.0,38,8,7330.8,916.35
17397.0,21,2,696.41,348.205
17398.0,114,3,653.38,217.79333333333332
17400.0,125,5,2129.96,425.992
17402.0,4,13,2633.85,202.60384615384615
17403.0,35,1,281.62,281.62
17404.0,3,15,31906.82,2127.1213333333335
17405.0,0,3,1031.41,343.80333333333334
17406.0,332,3,2200.42,733.4733333333334
17408.0,162,1,32.65,32.65
17409.0,184,2,771.85,385.925
17410.0,15,5,1214.72,242.94400000000002
17411.0,11,3,778.94,259.6466666666667
17412.0,2,7,1258.06,179.72285714285712
17414.0,43,2,778.0,389.0
17415.0,79,1,507.84,507.84
17416.0,29,7,6893.42,984.7742857142857
17418.0,41,2,463.46000000000004,231.73000000000002
17419.0,10,12,4226.57,352.21416666666664
17420.0,49,3,598.83,199.61
17422.0,15,6,1979.37,329.895
17423.0,45,2,698.41,349.205
17425.0,18,2,759.1700000000001,379.58500000000004
17426.0,7,6,5037.26,839.5433333333334
17427.0,71,1,100.8,100.8
17428.0,0,28,17256.85,616.3160714285714
17429.0,127,3,524.9200000000001,174.97333333333336
17430.0,32,2,265.76,132.88
17431.0,312,1,403.3,403.3
17432.0,17,2,365.76,182.88
17433.0,87,1,303.16,303.16
17434.0,1,7,2373.82,339.1171428571429
17436.0,1,2,216.3,108.15
17438.0,253,1,388.45000000000005,388.45000000000005
17440.0,156,3,186.42000000000002,62.14000000000001
17442.0,36,6,2248.56,374.76
17443.0,219,1,534.24,534.24
17444.0,147,3,2940.04,980.0133333333333
17446.0,176,2,120.89999999999999,60.449999999999996
17447.0,39,2,541.53,270.765
17449.0,1,7,2520.86,360.1228571428572
17450.0,7,46,194550.79,4229.365
17451.0,0,7,1721.4,245.91428571428574
17453.0,17,2,486.72,243.36
17454.0,191,4,517.53,129.3825
17455.0,203,1,131.7,131.7
17456.0,364,1,249.86,249.86
17457.0,126,5,1737.7,347.54
17458.0,14,1,316.5,316.5
17459.0,42,2,657.3,328.65
17460.0,93,6,622.4300000000001,103.73833333333334
17461.0,22,3,757.46,252.48666666666668
17462.0,59,2,675.69,337.845
17463.0,15,5,1896.41,379.28200000000004
17464.0,157,1,289.96000000000004,289.96000000000004
17466.0,9,2,763.28,381.64
17468.0,9,2,137.0,68.5
17469.0,15,5,1870.97,374.194
17470.0,44,5,1125.07,225.01399999999998
17472.0,190,3,710.29,236.76333333333332
17475.0,78,1,194.37,194.37
17480.0,77,1,511.82,511.82
17481.0,3,4,1255.59,313.8975
17483.0,64,3,414.04,138.01333333333335
17486.0,260,1,396.87,396.87
17489.0,58,2,376.64,188.32
17490.0,0,7,2092.32,298.90285714285716
17491.0,0,10,3558.87,355.887
17492.0,247,1,374.57,374.57
17495.0,7,2,497.56,248.78
17496.0,358,1,271.05,271.05
17498.0,75,1,272.21999999999997,272.21999999999997
17499.0,289,1,622.88,622.88
17500.0,16,3,1138.0,379.3333333333333
17501.0,220,2,288.6,144.3
17502.0,8,4,689.1,172.275
17503.0,2,2,558.96,279.48
17504.0,205,9,2997.03,333.00333333333333
17505.0,161,2,1145.8400000000001,572.9200000000001
17506.0,75,1,302.2,302.2
17507.0,261,2,605.58,302.79
17508.0,280,1,387.31,387.31
17509.0,57,8,6115.14,764.3925
17510.0,24,1,308.48,308.48
17511.0,2,31,91062.38,2937.496129032258
17512.0,28,10,2924.9900000000002,292.499
17513.0,71,1,513.2,513.2
17514.0,127,1,208.65,208.65
17515.0,30,4,639.02,159.755
17516.0,14,5,768.08,153.616
17517.0,308,1,153.94,153.94
17519.0,16,6,1844.02,307.33666666666664
17520.0,53,1,546.81,546.81
17521.0,29,3,723.21,241.07000000000002
17522.0,1,5,1070.71,214.142
17523.0,10,4,652.74,163.185
17524.0,360,1,145.0,145.0
17525.0,359,1,422.7,422.7
17526.0,4,4,1195.8999999999999,298.97499999999997
17527.0,53,4,939.37,234.8425
17528.0,0,8,3628.5,453.5625
17530.0,0,10,2385.0,238.5
17531.0,189,1,296.7,296.7
17534.0,53,1,223.36,223.36
17535.0,279,1,164.4,164.4
17536.0,176,1,76.5,76.5
17537.0,29,2,897.62,448.81
17538.0,25,1,98.42,98.42
17540.0,24,2,578.9,289.45
17542.0,269,1,170.75,170.75
17545.0,42,3,645.96,215.32000000000002
17548.0,233,1,103.3,103.3
17549.0,23,2,148.86,74.43
17550.0,196,3,267.16,89.05333333333334
17551.0,358,1,306.84,306.84
17552.0,59,4,930.41,232.6025
17553.0,129,1,1487.6,1487.6
17554.0,0,5,1952.45,390.49
17555.0,19,2,483.26,241.63
17556.0,205,1,157.9,157.9
17557.0,13,3,541.46,180.48666666666668
17560.0,94,4,854.95,213.7375
17561.0,18,1,167.62,167.62
17562.0,13,7,1122.38,160.34
17564.0,23,3,454.01,151.33666666666667
17566.0,7,2,901.21,450.605
17567.0,6,8,4331.48,541.435
17569.0,331,1,344.14,344.14
17571.0,49,4,1498.51,374.6275
17572.0,70,4,226.75000000000003,56.68750000000001
17573.0,28,3,380.6,126.86666666666667
17574.0,242,1,185.65,185.65
17576.0,7,19,3622.68,190.66736842105263
17578.0,217,1,143.45999999999998,143.45999999999998
17579.0,4,3,448.90000000000003,149.63333333333335
17580.0,252,3,215.72,71.90666666666667
17581.0,0,25,11045.04,441.8016
17582.0,235,1,175.27,175.27
17584.0,6,2,1242.3,621.15
17585.0,108,4,1133.07,283.2675
17588.0,99,3,1240.2,413.40000000000003
17589.0,59,4,2404.17,601.0425
17590.0,1,3,1479.22,493.0733333333333
17591.0,72,7,2225.9700000000003,317.9957142857143
17593.0,3,5,3927.34,785.4680000000001
17594.0,84,2,993.1800000000001,496.59000000000003
17595.0,11,2,388.79,194.395
17596.0,22,7,2827.93,403.98999999999995
17597.0,213,1,2044.3700000000001,2044.3700000000001
17600.0,17,1,161.67000000000002,161.67000000000002
17601.0,238,1,116.00999999999999,116.00999999999999
17602.0,1,6,5102.97,850.495
17603.0,77,1,394.72,394.72
17604.0,216,2,309.36,154.68
17608.0,32,2,193.42,96.71
17609.0,40,5,1112.22,222.44400000000002
17611.0,6,15,3984.22,265.61466666666666
17612.0,52,6,2048.45,341.4083333333333
17613.0,22,14,4559.150000000001,325.65357142857147
17614.0,56,1,390.07,390.07
17615.0,129,3,329.6,109.86666666666667
17616.0,173,3,571.1999999999999,190.39999999999998
17618.0,5,3,971.58,323.86
17619.0,311,1,218.52,218.52
17620.0,59,1,81.44,81.44
17621.0,20,3,1379.9,459.9666666666667
17623.0,32,1,527.05,527.05
17624.0,14,2,843.48,421.74
17625.0,17,4,2047.0,511.75
17628.0,80,1,75.75,75.75
17629.0,5,8,1814.1200000000001,226.76500000000001
17630.0,169,2,503.6,251.8
17631.0,1,3,528.33,176.11
17633.0,30,4,1324.84,331.21
17634.0,35,9,2361.9700000000003,262.4411111111111
17636.0,18,1,285.56,285.56
17637.0,30,2,547.0600000000001,273.53000000000003
17639.0,275,1,108.5,108.5
17640.0,86,1,621.66,621.66
17642.0,119,2,712.29,356.145
17643.0,372,1,101.55,101.55
17644.0,0,11,2895.64,263.24
17646.0,218,3,1008.39,336.13
17647.0,64,1,133.06,133.06
17648.0,60,4,1797.5,449.375
17649.0,137,1,868.49,868.49
17650.0,20,1,166.07999999999998,166.07999999999998
17651.0,11,10,3945.0,394.5
17652.0,24,12,4867.72,405.6433333333334
17653.0,36,4,1207.56,301.89
17654.0,276,1,117.55,117.55
17655.0,10,7,2638.94,376.99142857142857
17656.0,72,5,1674.69,334.938
17658.0,25,2,595.42,297.71
17659.0,16,12,2999.46,249.955
17660.0,140,1,196.0,196.0
17663.0,25,7,1802.91,257.55857142857144
17664.0,18,2,604.64,302.32
17666.0,3,2,728.16,364.08
17667.0,65,5,2055.51,411.10200000000003
17668.0,0,2,347.75,173.875
17669.0,42,7,3406.7200000000003,486.67428571428576
17670.0,227,1,205.7,205.7
17671.0,15,4,1572.71,393.1775
17672.0,49,2,3178.17,1589.085
17673.0,1,6,1629.12,271.52
17674.0,73,2,551.04,275.52
17675.0,0,31,20374.28,657.2348387096774
17676.0,3,6,1387.68,231.28
17677.0,1,30,16363.23,545.441
17678.0,263,1,298.11,298.11
17679.0,52,2,1992.1100000000001,996.0550000000001
17680.0,23,1,184.4,184.4
17682.0,9,6,2474.33,412.3883333333333
17684.0,43,1,239.41,239.41
17685.0,16,7,3191.53,455.9328571428572
17686.0,6,7,5739.46,819.9228571428572
17690.0,29,15,4757.95,317.19666666666666
17691.0,357,2,290.40000000000003,145.20000000000002
17692.0,126,4,740.94,185.235
17693.0,136,1,200.47,200.47
17694.0,141,1,283.12,283.12
17695.0,131,2,765.34,382.67
17696.0,37,8,2285.71,285.71375
17697.0,235,1,338.95,338.95
17698.0,260,1,154.95,154.95
17700.0,16,4,2534.64,633.66
17701.0,252,1,417.95,417.95
17702.0,29,4,1824.37,456.0925
17703.0,34,3,798.74,266.24666666666667
17704.0,168,2,885.19,442.595
17705.0,2,9,1823.52,202.61333333333334
17706.0,3,17,10504.49,617.9111764705882
17707.0,184,2,152.4,76.2
17708.0,187,2,267.08,133.54
17709.0,169,1,137.45,137.45
17711.0,10,2,385.1,192.55
17712.0,44,1,522.91,522.91
17714.0,320,1,153.0,153.0
17715.0,200,1,326.4,326.4
17716.0,22,11,5655.99,514.180909090909
17718.0,231,1,139.35,139.35
17719.0,37,15,5396.04,359.736
17720.0,25,4,1195.94,298.985
17722.0,95,4,2424.04,606.01
17723.0,126,6,3276.4000000000005,546.0666666666667
17724.0,70,3,1033.0,344.3333333333333
17725.0,15,11,3439.08,312.64363636363635
17727.0,14,1,1060.25,1060.25
17728.0,3,3,2876.01,958.6700000000001
17730.0,2,13,5298.4800000000005,407.5753846153847
17731.0,78,4,1240.11,310.0275
17732.0,372,1,303.97,303.97
17733.0,38,2,692.19,346.095
17734.0,53,3,700.63,233.54333333333332
17735.0,1,19,13110.02,690.001052631579
17736.0,8,3,377.44,125.81333333333333
17737.0,8,2,168.24,84.12
17738.0,18,4,1879.05,469.7625
17739.0,11,7,2791.35,398.7642857142857
17742.0,112,2,355.11,177.555
17744.0,3,6,2322.4,387.06666666666666
17746.0,239,1,110.25,110.25
17747.0,112,1,71.4,71.4
17749.0,177,2,674.52,337.26
17750.0,4,9,1797.57,199.73
17752.0,358,1,80.64,80.64
17754.0,0,5,1772.26,354.452
17757.0,0,30,5605.29,186.843
17758.0,18,8,3456.7,432.0875
17759.0,16,3,834.99,278.33
17760.0,21,2,287.59,143.795
17761.0,32,1,712.78,712.78
17763.0,262,1,15.0,15.0
17764.0,50,2,818.82,409.41
17765.0,158,3,371.88,123.96
17767.0,14,1,271.2,271.2
17768.0,7,3,2273.1800000000003,757.7266666666668
17769.0,12,10,3997.98,399.798
17770.0,198,5,1143.27,228.654
17771.0,56,2,245.81,122.905
17772.0,10,2,182.77,91.385
17774.0,96,4,1225.41,306.3525
17775.0,254,1,56.4,56.4
17777.0,24,3,665.86,221.95333333333335
17779.0,20,3,658.57,219.52333333333334
17781.0,158,2,188.02,94.01
17783.0,71,2,283.47,141.735
17785.0,52,1,131.94,131.94
17786.0,84,2,278.74,139.37
17787.0,152,4,1865.19,466.2975
17788.0,73,2,1117.9,558.95
17789.0,280,1,225.9,225.9
17790.0,26,14,1965.55,140.39642857142857
17791.0,29,1,106.1,106.1
17793.0,24,1,323.04,323.04
17795.0,179,2,350.39,175.195
17796.0,39,4,697.9,174.475
17797.0,21,3,780.43,260.1433333333333
17799.0,21,10,3055.93,305.59299999999996
17800.0,36,9,1199.01,133.22333333333333
17802.0,81,3,1285.04,428.34666666666664
17805.0,73,1,512.31,512.31
17806.0,10,1,546.04,546.04
17809.0,15,12,5411.91,450.9925
17811.0,3,39,7837.7300000000005,200.9674358974359
17812.0,12,4,732.16,183.04
17813.0,13,5,1770.88,354.17600000000004
17816.0,36,4,36.56,9.14
17817.0,3,3,387.68,129.22666666666666
17819.0,71,7,3704.87,529.2671428571429
17824.0,50,1,298.4,298.4
17827.0,4,5,1995.46,399.092
17828.0,22,4,1820.09,455.0225
17829.0,298,1,889.24,889.24
17830.0,1,3,398.7,132.9
17831.0,32,1,35.400000000000006,35.400000000000006
17832.0,49,1,155.37,155.37
17835.0,2,3,350.64,116.88
17836.0,46,1,110.21000000000001,110.21000000000001
17837.0,41,8,1593.38,199.1725
17838.0,26,5,2779.3,555.86
17839.0,41,1,338.8,338.8
17841.0,1,124,40991.57,330.5771774193548
17843.0,302,1,205.48,205.48
17844.0,106,1,51.559999999999995,51.559999999999995
17846.0,84,1,2033.1,2033.1
17848.0,80,9,901.2,100.13333333333334
17849.0,217,4,605.8000000000001,151.45000000000002
17850.0,371,34,5391.21,158.565
17852.0,11,2,114.34,57.17
17854.0,184,2,311.26,155.63
17855.0,372,1,208.97,208.97
17856.0,1,4,1418.03,354.5075
17857.0,3,23,26879.04,1168.6539130434783
17858.0,5,12,5155.66,429.6383333333333
17859.0,304,1,148.21,148.21
17860.0,368,1,252.8,252.8
17861.0,2,8,2100.8,262.6
17862.0,323,1,330.9,330.9
17863.0,58,6,3160.0,526.6666666666666
17864.0,12,3,597.5,199.16666666666666
17865.0,30,20,10526.32,526.316
17866.0,142,1,329.65000000000003,329.65000000000003
17867.0,29,6,1197.1000000000001,199.51666666666668
17869.0,106,5,428.18,85.636
17870.0,1,12,1894.35,157.86249999999998
17871.0,204,1,155.9,155.9
17873.0,79,5,1859.16,371.832
17874.0,184,6,683.46,113.91000000000001
17877.0,169,1,237.61,237.61
17878.0,43,1,379.45,379.45
17879.0,173,1,178.52,178.52
17880.0,364,1,458.92,458.92
17881.0,303,1,133.35,133.35
17883.0,2,4,671.77,167.9425
17884.0,3,4,717.45,179.3625
17885.0,11,1,190.19,190.19
17886.0,31,3,899.61,299.87
17887.0,128,1,111.35,111.35
17888.0,20,8,726.05,90.75625
17889.0,211,2,203.87,101.935
17890.0,322,2,602.09,301.045
17891.0,161,1,203.85999999999999,203.85999999999999
17892.0,55,3,244.1,81.36666666666666
17893.0,224,1,112.25,112.25
17894.0,71,8,1119.81,139.97625
17895.0,43,1,98.0,98.0
17896.0,22,1,256.32,256.32
17897.0,172,3,566.6,188.86666666666667
17898.0,84,2,152.06,76.03
17899.0,158,1,155.8,155.8
17900.0,189,2,112.19999999999999,56.099999999999994
17901.0,28,1,110.38,110.38
17904.0,20,1,191.67000000000002,191.67000000000002
17905.0,70,4,800.24,200.06
17906.0,246,1,72.9,72.9
17908.0,373,1,243.28,243.28
17911.0,8,1,366.23,366.23
17912.0,309,5,311.01,62.202
17913.0,58,2,411.6,205.8
17914.0,3,1,336.43,336.43
17917.0,44,3,341.28,113.75999999999999
17919.0,87,1,1304.04,1304.04
17920.0,3,17,4204.1,247.3
17921.0,63,4,826.52,206.63
17923.0,281,1,207.50000000000003,207.50000000000003
17924.0,11,7,2962.5,423.2142857142857
17925.0,372,1,244.08,244.08
17926.0,132,2,397.29,198.645
17928.0,44,2,212.54,106.27
17929.0,10,4,843.0,210.75
17930.0,35,5,1740.48,348.096
17931.0,133,2,408.36,204.18
17932.0,28,3,1331.57,443.8566666666666
17934.0,51,2,704.25,352.125
17935.0,137,2,145.79,72.895
17936.0,4,1,389.84,389.84
17937.0,8,7,4301.22,614.46
17939.0,159,1,99.14,99.14
17940.0,48,10,4106.4400000000005,410.64400000000006
17941.0,130,1,304.56,304.56
17942.0,7,1,77.50000000000001,77.50000000000001
17946.0,232,2,149.57999999999998,74.78999999999999
17947.0,36,1,176.68,176.68
17948.0,146,1,358.56000000000006,358.56000000000006
17949.0,0,45,58510.48,1300.232888888889
17950.0,71,3,482.2,160.73333333333332
17951.0,39,3,1008.5400000000001,336.18
17954.0,4,12,2332.72,194.39333333333332
17955.0,198,4,557.3,139.325
17956.0,248,1,12.75,12.75
17957.0,65,1,111.68,111.68
17958.0,116,1,508.46000000000004,508.46000000000004
17960.0,170,1,73.78,73.78
17961.0,20,39,1296.44,33.242051282051285
17962.0,141,1,102.83,102.83
17964.0,31,2,471.7,235.85
17965.0,37,14,2622.57,187.32642857142858
17966.0,37,5,1098.43,219.686
17967.0,371,1,123.07,123.07
17968.0,373,1,277.35,277.35
17969.0,165,2,228.2,114.1
17970.0,210,1,582.59,582.59
17972.0,241,1,136.04,136.04
17973.0,51,1,337.04,337.04
17974.0,24,3,740.79,246.92999999999998
17975.0,14,13,4488.81,345.29307692307697
17976.0,371,1,353.19,353.19
17977.0,28,1,288.14,288.14
17978.0,364,1,300.91999999999996,300.91999999999996
17979.0,35,4,757.71,189.4275
17980.0,165,3,811.45,270.48333333333335
17984.0,144,1,152.68,152.68
17985.0,21,1,634.95,634.95
17986.0,55,1,20.8,20.8
17987.0,184,1,198.57,198.57
17988.0,11,7,201.12,28.731428571428573
17990.0,236,3,630.84,210.28
17991.0,224,2,93.35,46.675
17994.0,121,4,678.49,169.6225
17995.0,281,1,76.1,76.1
17997.0,73,8,1970.67,246.33375
17999.0,36,2,382.06,191.03
18001.0,11,2,417.23,208.615
18004.0,361,1,169.47,169.47
18005.0,3,2,249.72,124.86
18006.0,22,1,444.68,444.68
18008.0,69,9,2116.19,235.13222222222223
18009.0,234,1,257.34,257.34
18010.0,256,1,174.8,174.8
18011.0,372,1,102.78999999999999,102.78999999999999
18013.0,154,2,187.29,93.645
18014.0,27,1,166.42,166.42
18015.0,3,1,120.03,120.03
18016.0,31,5,1483.56,296.712
18017.0,80,3,523.0,174.33333333333334
18018.0,107,2,122.14,61.07
18019.0,51,1,38.45,38.45
18022.0,35,1,668.11,668.11
18024.0,152,2,389.78,194.89
18027.0,98,1,115.31,115.31
18030.0,3,2,230.64999999999998,115.32499999999999
18032.0,333,1,73.5,73.5
18033.0,64,1,97.97,97.97
18034.0,21,2,422.88,211.44
18035.0,35,3,730.4,243.46666666666667
18036.0,31,3,405.62,135.20666666666668
18037.0,153,6,70.02,11.67
18040.0,18,2,357.20000000000005,178.60000000000002
18041.0,11,21,4183.39,199.20904761904762
18042.0,53,1,165.04999999999998,165.04999999999998
18043.0,24,3,559.51,186.50333333333333
18044.0,3,10,2088.6,208.85999999999999
18045.0,44,1,189.4,189.4
18048.0,202,2,172.29000000000002,86.14500000000001
18050.0,358,1,74.4,74.4
18053.0,70,1,300.02,300.02
18055.0,6,10,6784.1900000000005,678.4190000000001
18056.0,287,1,363.65,363.65
18058.0,9,1,170.16,170.16
18059.0,22,3,306.46,102.15333333333332
18061.0,21,10,2119.41,211.94099999999997
18062.0,172,3,720.52,240.17333333333332
18064.0,132,2,814.0,407.0
18065.0,5,14,2392.83,170.91642857142855
18066.0,74,1,318.0,318.0
18067.0,39,1,396.33,396.33
18068.0,288,1,101.7,101.7
18069.0,25,5,2036.67,407.334
18071.0,257,2,453.0,226.5
18072.0,185,1,247.44,247.44
18073.0,113,12,3877.5200000000004,323.1266666666667
18074.0,373,1,489.6,489.6
18075.0,22,10,2611.75,261.175
18077.0,7,11,2633.01,239.36454545454546
18078.0,216,2,336.13,168.065
18079.0,44,4,3651.97,912.9925
18080.0,18,2,1231.5,615.75
18081.0,35,3,343.45,114.48333333333333
18082.0,25,1,703.37,703.37
18084.0,15,1,90.48,90.48
18085.0,329,2,689.95,344.975
18086.0,273,1,101.34,101.34
18087.0,97,2,4055.7200000000003,2027.8600000000001
18088.0,60,1,167.67000000000002,167.67000000000002
18092.0,1,11,9068.26,824.3872727272727
18093.0,92,4,2106.52,526.63
18094.0,81,7,3017.3,431.04285714285714
18095.0,312,2,580.05,290.025
18096.0,11,3,911.15,303.71666666666664
18097.0,7,6,2697.8,449.6333333333334
18099.0,126,1,168.31,168.31
18101.0,10,2,223.65,111.825
18102.0,0,60,259657.3,4327.621666666667
18104.0,36,1,754.64,754.64
18105.0,37,1,113.48000000000002,113.48000000000002
18106.0,329,1,430.7,430.7
18108.0,253,1,271.0,271.0
18109.0,1,26,8052.97,309.7296153846154
18110.0,19,1,236.3,236.3
18112.0,11,2,352.69,176.345
18113.0,368,1,76.32000000000001,76.32000000000001
18114.0,289,1,220.1,220.1
18116.0,67,8,1418.03,177.25375
18117.0,25,1,320.71999999999997,320.71999999999997
18118.0,10,26,5653.82,217.45461538461538
18119.0,367,1,181.12,181.12
18120.0,213,1,111.15,111.15
18121.0,148,2,673.1,336.55
18122.0,7,6,1826.21,304.36833333333334
18123.0,23,2,589.4399999999999,294.71999999999997
18125.0,29,4,1142.99,285.7475
18126.0,60,1,206.83,206.83
18127.0,18,3,348.73,116.24333333333334
18129.0,242,1,112.55000000000001,112.55000000000001
18130.0,14,3,1059.39,353.13000000000005
18133.0,211,1,931.5,931.5
18135.0,28,5,681.91,136.382
18136.0,62,3,784.33,261.4433333333333
18138.0,294,1,152.65,152.65
18139.0,17,6,8438.34,1406.39
18142.0,156,2,1019.52,509.76
18143.0,116,2,1000.16,500.08
18144.0,7,12,2888.75,240.72916666666666
18145.0,12,4,2861.55,715.3875
18146.0,140,2,160.35,80.175
18147.0,45,2,179.34,89.67
18149.0,50,3,612.0799999999999,204.02666666666664
18150.0,31,3,566.58,188.86
18151.0,134,2,653.35,326.675
18154.0,2,2,399.19,199.595
18155.0,74,3,371.62,123.87333333333333
18156.0,12,2,734.94,367.47
18158.0,8,2,453.4,226.7
18159.0,300,1,530.15,530.15
18160.0,56,2,638.0600000000001,319.03000000000003
18161.0,14,5,1618.69,323.738
18164.0,36,1,399.65,399.65
18165.0,176,1,302.46,302.46
18167.0,22,3,1384.8600000000001,461.62000000000006
18168.0,175,6,1169.94,194.99
18169.0,60,1,202.65,202.65
18170.0,32,3,980.3100000000001,326.77000000000004
18171.0,58,5,1231.31,246.262
18172.0,14,20,7561.68,378.084
18173.0,86,4,2106.84,526.71
18174.0,6,1,104.0,104.0
18176.0,357,1,476.35,476.35
18177.0,30,6,1341.42,223.57000000000002
18178.0,128,4,1590.81,397.7025
18179.0,8,6,1793.17,298.8616666666667
18180.0,4,6,1843.75,307.2916666666667
18181.0,23,1,382.8,382.8
18183.0,226,2,632.07,316.035
18184.0,14,1,49.8,49.8
18185.0,248,1,304.25,304.25
18188.0,14,3,2001.04,667.0133333333333
18189.0,77,2,1090.24,545.12
18190.0,191,2,284.46000000000004,142.23000000000002
18191.0,261,1,207.8,207.8
18192.0,71,1,957.97,957.97
18193.0,164,1,243.76,243.76
18194.0,81,1,973.84,973.84
18196.0,94,2,689.13,344.565
18198.0,3,17,5425.56,319.15058823529415
18200.0,105,1,163.8,163.8
18202.0,199,3,1396.99,465.66333333333336
18203.0,156,1,160.42000000000002,160.42000000000002
18204.0,70,3,1993.7,664.5666666666667
18205.0,35,2,517.36,258.68
18209.0,28,1,139.10000000000002,139.10000000000002
18210.0,1,6,2621.38,436.8966666666667
18211.0,25,5,600.07,120.01400000000001
18212.0,325,1,248.42,248.42
18213.0,236,1,232.48000000000002,232.48000000000002
18215.0,88,1,299.34000000000003,299.34000000000003
18216.0,30,1,481.75,481.75
18217.0,28,2,621.75,310.875
18218.0,210,2,662.08,331.04
18219.0,2,10,2069.77,206.977
18220.0,226,1,305.28,305.28
18221.0,21,5,1041.61,208.32199999999997
18222.0,92,1,443.0,443.0
18223.0,4,14,6484.54,463.18142857142857
18224.0,263,1,158.95000000000002,158.95000000000002
18225.0,2,12,5509.12,459.0933333333333
18226.0,43,11,5228.05,475.27727272727276
18227.0,217,1,93.75,93.75
18228.0,56,2,779.9,389.95
18229.0,11,20,7276.9,363.84499999999997
18230.0,8,7,2810.2000000000003,401.4571428571429
18231.0,191,5,2083.27,416.654
18232.0,81,4,592.97,148.2425
18233.0,325,1,440.0,440.0
18235.0,71,3,1796.48,598.8266666666667
18236.0,29,6,882.24,147.04
18237.0,2,5,987.1,197.42000000000002
18239.0,218,5,1561.6100000000001,312.322
18240.0,45,1,422.58,422.58
18241.0,9,17,2073.09,121.9464705882353
18242.0,71,4,2232.4900000000002,558.1225000000001
18245.0,6,7,2567.06,366.72285714285715
18246.0,23,2,596.1,298.05
18248.0,122,2,804.02,402.01
18249.0,16,1,95.34,95.34
18250.0,309,1,349.27,349.27
18251.0,86,1,4314.72,4314.72
18252.0,50,2,526.67,263.335
18255.0,88,1,103.30000000000001,103.30000000000001
18257.0,38,8,2337.63,292.20375
18259.0,24,3,2338.6,779.5333333333333
18260.0,172,6,2643.2000000000003,440.53333333333336
18261.0,42,2,324.24,162.12
18262.0,139,1,149.48,149.48
18263.0,25,3,1213.16,404.3866666666667
18265.0,71,2,801.51,400.755
18268.0,133,1,25.5,25.5
18269.0,365,1,168.60000000000002,168.60000000000002
18270.0,37,2,283.15000000000003,141.57500000000002
18272.0,2,6,3078.58,513.0966666666667
18273.0,1,3,204.0,68.0
18274.0,29,1,175.92,175.92
18276.0,43,1,335.86,335.86
18277.0,57,1,110.38,110.38
18278.0,73,1,173.9,173.9
18280.0,277,1,180.60000000000002,180.60000000000002
18281.0,180,1,80.82,80.82
18282.0,7,2,178.05,89.025
18283.0,3,16,2094.88,130.93
18287.0,42,3,1837.28,612.4266666666666
